date,state,state_name,poly_rep,poly_dem,poly_margin,poll_trump,poll_dem,poll_margin,competitiveness,d_poly_margin,d_poll_margin,volume,log_volume
2024-03-08,AZ,Arizona,0.555,0.445,0.11,44.6764,38.8871,5.789300000000004,0.8899999999999999,,,0.5701002977026643,-0.5619429727509742
2024-03-09,AZ,Arizona,0.555,0.445,0.11,44.629949999999994,38.8428,5.787149999999997,0.8899999999999999,0.0,-0.0021500000000074,0.4753891682413155,-0.7436215088311477
2024-03-10,AZ,Arizona,0.555,0.445,0.11,44.518550000000005,38.793,5.7255500000000055,0.8899999999999999,0.0,-0.0615999999999914,0.4728474981463462,-0.7489823565437151
2024-03-11,AZ,Arizona,0.555,0.445,0.11,44.48055,38.866299999999995,5.6142500000000055,0.8899999999999999,0.0,-0.1112999999999999,0.5508850303130598,-0.596229148020131
2024-03-12,AZ,Arizona,0.555,0.445,0.11,44.47935,39.4402,5.039149999999999,0.8899999999999999,0.0,-0.5751000000000062,0.4991545777857907,-0.6948394560792
2024-03-13,AZ,Arizona,0.555,0.445,0.11,44.356849999999994,39.78885,4.567999999999998,0.8899999999999999,0.0,-0.4711500000000015,0.44899711594434866,-0.8007388145470408
2024-03-14,AZ,Arizona,0.555,0.445,0.11,44.633,39.63865,4.994350000000004,0.8899999999999999,0.0,0.4263500000000064,0.39514690196627233,-0.9284976795079773
2024-03-15,AZ,Arizona,0.555,0.445,0.11,44.5181,39.503699999999995,5.014400000000002,0.8899999999999999,0.0,0.0200499999999976,0.5074247067644552,-0.6784069401280454
2024-03-16,AZ,Arizona,0.555,0.445,0.11,44.294799999999995,39.5375,4.757299999999994,0.8899999999999999,0.0,-0.2571000000000083,0.479871882309581,-0.7342361225625489
2024-03-17,AZ,Arizona,0.555,0.445,0.11,44.33085,39.6901,4.640749999999997,0.8899999999999999,0.0,-0.1165499999999966,0.43326162429146836,-0.8364135202986462
2024-03-18,AZ,Arizona,0.555,0.445,0.11,44.2591,39.61655,4.64255,0.8899999999999999,0.0,0.0018000000000029,0.49470018721080034,-0.7038033823155554
2024-03-19,AZ,Arizona,0.555,0.445,0.11,43.8463,39.29845,4.547849999999997,0.8899999999999999,0.0,-0.0947000000000031,0.4384616102748882,-0.8244830188362129
2024-03-20,AZ,Arizona,0.555,0.445,0.11,44.5724,39.18525,5.387149999999998,0.8899999999999999,0.0,0.8393000000000015,0.590294406540842,-0.5271338724015258
2024-03-21,AZ,Arizona,0.555,0.445,0.11,44.71585,39.299800000000005,5.4160499999999985,0.8899999999999999,0.0,0.0289000000000001,0.3910834292786663,-0.9388343676435539
2024-03-22,AZ,Arizona,0.555,0.445,0.11,44.68835,39.1576,5.530749999999998,0.8899999999999999,0.0,0.1146999999999991,0.4851231365963541,-0.7233525303798477
2024-03-23,AZ,Arizona,0.555,0.445,0.11,44.63525,39.1587,5.476549999999996,0.8899999999999999,0.0,-0.0542000000000015,0.5569249312441988,-0.5853248214873298
2024-03-24,AZ,Arizona,0.555,0.445,0.11,44.64515,39.2958,5.349350000000001,0.8899999999999999,0.0,-0.1271999999999948,0.4274676744867402,-0.8498766086999936
2024-03-25,AZ,Arizona,0.555,0.445,0.11,44.71015,39.84165,4.868499999999997,0.8899999999999999,0.0,-0.4808500000000038,0.55069028839164,-0.596582717894368
2024-03-26,AZ,Arizona,0.555,0.445,0.11,44.6172,39.39145,5.225749999999998,0.8899999999999999,0.0,0.3572500000000005,0.4566913339856949,-0.7837475342598201
2024-03-27,AZ,Arizona,0.555,0.445,0.11,44.92465,39.24965,5.674999999999997,0.8899999999999999,0.0,0.4492499999999992,0.43781316332642123,-0.8259630273594905
2024-03-28,AZ,Arizona,0.555,0.445,0.11,44.84555,39.2392,5.606350000000006,0.8899999999999999,0.0,-0.068649999999991,0.46708650665859863,-0.7612407993702414
2024-03-29,AZ,Arizona,0.555,0.445,0.11,44.9854,39.23555,5.749849999999995,0.8899999999999999,0.0,0.1434999999999888,0.6093215568261666,-0.4954091426946356
2024-03-30,AZ,Arizona,0.555,0.445,0.11,45.05135,39.2182,5.833149999999996,0.8899999999999999,0.0,0.0833000000000012,0.6056980678370214,-0.5013736549672685
2024-03-31,AZ,Arizona,0.555,0.445,0.11,44.9534,39.27115,5.682250000000003,0.8899999999999999,0.0,-0.1508999999999929,0.5762879066326045,-0.551147905259773
2024-04-01,AZ,Arizona,0.555,0.445,0.11,44.93825,39.254099999999994,5.6841500000000025,0.8899999999999999,0.0,0.0018999999999991,0.5349908766596244,-0.6255055852041987
2024-04-02,AZ,Arizona,0.555,0.445,0.11,44.09595,38.96975,5.126200000000004,0.8899999999999999,0.0,-0.5579499999999982,0.5995589950150825,-0.5115609023252258
2024-04-03,AZ,Arizona,0.555,0.445,0.11,44.11655,39.37855,4.7379999999999995,0.8899999999999999,0.0,-0.3882000000000047,0.47142171822395573,-0.7520022177892434
2024-04-04,AZ,Arizona,0.555,0.445,0.11,44.06155,39.50355,4.558,0.8899999999999999,0.0,-0.1799999999999997,0.5034316952423891,-0.6863072359221063
2024-04-05,AZ,Arizona,0.555,0.445,0.11,43.98255,39.50075,4.481800000000007,0.8899999999999999,0.0,-0.0761999999999929,0.57627104664927,-0.5511771618687955
2024-04-06,AZ,Arizona,0.555,0.445,0.11,43.91315,39.42445,4.4887000000000015,0.8899999999999999,0.0,0.0068999999999945,0.4372017089200367,-0.8273606139041433
2024-04-07,AZ,Arizona,0.555,0.445,0.11,43.94,39.385850000000005,4.554149999999993,0.8899999999999999,0.0,0.0654499999999913,0.5000934613658921,-0.6929602752960383
2024-04-08,AZ,Arizona,0.555,0.445,0.11,43.799949999999995,39.2767,4.523249999999997,0.8899999999999999,0.0,-0.0308999999999954,0.47491513074345204,-0.7446191630303088
2024-04-09,AZ,Arizona,0.555,0.445,0.11,43.729600000000005,39.41305,4.3165500000000065,0.8899999999999999,0.0,-0.2066999999999907,0.47959569330256907,-0.7348118356385519
2024-04-10,AZ,Arizona,0.545,0.455,0.09,43.67385,39.3856,4.288250000000005,0.91,-0.02,-0.0283000000000015,0.528922073482364,-0.6369141670819523
2024-04-11,AZ,Arizona,0.49,0.485,0.005,43.7415,38.94675,4.7947500000000005,0.995,-0.085,0.5064999999999955,0.5368088808614774,-0.6221131493827586
2024-04-12,AZ,Arizona,0.49,0.485,0.005,43.7164,38.83855,4.877850000000002,0.995,0.0,0.0831000000000017,0.5636584463018948,-0.5733068025920821
2024-04-13,AZ,Arizona,0.495,0.475,0.02,43.68035,38.963350000000005,4.716999999999992,0.98,0.015,-0.1608500000000106,0.6123158355683513,-0.4905070583986338
2024-04-14,AZ,Arizona,0.495,0.475,0.02,43.577200000000005,39.09795,4.4792500000000075,0.98,0.0,-0.2377499999999841,0.6913702494144595,-0.36907978190484586
2024-04-15,AZ,Arizona,0.495,0.475,0.02,43.55375,39.06675,4.487000000000002,0.98,0.0,0.0077499999999943,0.5480454931862908,-0.6013969787165179
2024-04-16,AZ,Arizona,0.495,0.475,0.02,43.11395,38.71145,4.402500000000003,0.98,0.0,-0.0844999999999984,0.5706286001393991,-0.5610167185366636
2024-04-17,AZ,Arizona,0.495,0.475,0.02,43.25805,38.5576,4.7004499999999965,0.98,0.0,0.297949999999993,0.5677250987660709,-0.5661179584632644
2024-04-18,AZ,Arizona,0.495,0.475,0.02,43.36645,38.72645,4.640000000000001,0.98,0.0,-0.0604499999999958,0.5476716114112739,-0.6020794209052156
2024-04-19,AZ,Arizona,0.495,0.475,0.02,43.3671,38.6043,4.762799999999999,0.98,0.0,0.122799999999998,0.562021320857479,-0.5762154923392296
2024-04-20,AZ,Arizona,0.495,0.475,0.02,43.216899999999995,38.42135,4.795549999999999,0.98,0.0,0.03275,0.6697436706761755,-0.40086022088027323
2024-04-21,AZ,Arizona,0.495,0.465,0.0299999999999999,43.0306,38.27755,4.753050000000002,0.97,0.0099999999999999,-0.0424999999999968,0.5901471223049758,-0.5273834133284271
2024-04-22,AZ,Arizona,0.495,0.465,0.0299999999999999,42.66589999999999,38.53245,4.133449999999996,0.97,0.0,-0.6196000000000055,0.6455789176157591,-0.4376078180494404
2024-04-23,AZ,Arizona,0.495,0.465,0.0299999999999999,42.66405,38.512649999999994,4.1514000000000095,0.97,0.0,0.0179500000000132,0.6339997172151532,-0.45570677057789194
2024-04-24,AZ,Arizona,0.495,0.465,0.0299999999999999,43.4372,38.9374,4.4998000000000005,0.97,0.0,0.3483999999999909,0.5352725023593039,-0.624979311556608
2024-04-25,AZ,Arizona,0.495,0.465,0.0299999999999999,43.217,38.93715,4.279849999999996,0.97,0.0,-0.2199500000000043,0.6470431058449236,-0.43534236251981207
2024-04-26,AZ,Arizona,0.495,0.465,0.0299999999999999,43.1841,39.62220000000001,3.5618999999999943,0.97,0.0,-0.7179500000000019,0.6706970230529904,-0.39943777445347894
2024-04-27,AZ,Arizona,0.495,0.465,0.0299999999999999,43.18165,39.7302,3.451449999999994,0.97,0.0,-0.1104500000000001,0.537009752365155,-0.6217390238092116
2024-04-28,AZ,Arizona,0.495,0.465,0.0299999999999999,43.2991,39.6196,3.679500000000005,0.97,0.0,0.2280500000000103,0.7269564221345725,-0.31888874528844285
2024-04-29,AZ,Arizona,0.495,0.465,0.0299999999999999,43.5008,39.58045,3.920349999999999,0.97,0.0,0.2408499999999946,0.6641596320548768,-0.4092327486782894
2024-04-30,AZ,Arizona,0.495,0.465,0.0299999999999999,42.97595,39.8144,3.1615499999999983,0.97,0.0,-0.7588000000000008,0.6708514836797251,-0.399207502306565
2024-05-01,AZ,Arizona,0.495,0.465,0.0299999999999999,43.054550000000006,39.83065,3.2239000000000075,0.97,0.0,0.0623500000000092,0.6413235937433986,-0.4442211230107027
2024-05-02,AZ,Arizona,0.495,0.465,0.0299999999999999,42.85995,39.74315,3.116799999999998,0.97,0.0,-0.1071000000000097,0.6467663430720617,-0.4357701886998033
2024-05-03,AZ,Arizona,0.495,0.465,0.0299999999999999,43.047799999999995,39.76005,3.2877499999999955,0.97,0.0,0.1709499999999977,0.5183712595776327,-0.6570635761105271
2024-05-04,AZ,Arizona,0.495,0.465,0.0299999999999999,43.011,39.80345,3.207550000000005,0.97,0.0,-0.0801999999999907,0.6281264278597479,-0.4650138145277313
2024-05-05,AZ,Arizona,0.495,0.465,0.0299999999999999,43.097350000000006,39.7922,3.3051500000000047,0.97,0.0,0.0975999999999999,0.6323224654780717,-0.45835578477161915
2024-05-06,AZ,Arizona,0.495,0.465,0.0299999999999999,42.9113,39.71275,3.1985499999999973,0.97,0.0,-0.1066000000000073,0.6837593465388283,-0.38014925581275044
2024-05-07,AZ,Arizona,0.495,0.465,0.0299999999999999,42.52685,39.70165,2.8252000000000024,0.97,0.0,-0.3733499999999949,0.5486482986442078,-0.6002976645358149
2024-05-08,AZ,Arizona,0.495,0.465,0.0299999999999999,42.438,39.9888,2.4492000000000047,0.97,0.0,-0.3759999999999976,0.592897344635876,-0.5227340068825277
2024-05-09,AZ,Arizona,0.495,0.465,0.0299999999999999,42.42795,39.864999999999995,2.562950000000008,0.97,0.0,0.1137500000000031,0.6999272420270406,-0.35677888930223506
2024-05-10,AZ,Arizona,0.495,0.465,0.0299999999999999,42.390699999999995,39.9054,2.485299999999995,0.97,0.0,-0.0776500000000126,0.7493974254263526,-0.2884858281417253
2024-05-11,AZ,Arizona,0.495,0.465,0.0299999999999999,42.3077,39.97885,2.3288499999999956,0.97,0.0,-0.1564499999999995,0.6134413021764291,-0.48867069638254024
2024-05-12,AZ,Arizona,0.495,0.465,0.0299999999999999,42.28965,39.9573,2.3323500000000053,0.97,0.0,0.0035000000000096,0.6246099548891658,-0.4706278962371678
2024-05-13,AZ,Arizona,0.495,0.465,0.0299999999999999,42.74575,39.336,3.4097500000000025,0.97,0.0,1.0773999999999972,0.6622978798912493,-0.4120398546268579
2024-05-14,AZ,Arizona,0.535,0.455,0.08,42.8316,39.26635,3.565249999999999,0.92,0.05,0.1554999999999964,0.5422567676488356,-0.6120156486728416
2024-05-15,AZ,Arizona,0.555,0.445,0.11,42.9403,39.2884,3.6518999999999977,0.8899999999999999,0.03,0.0866499999999987,0.6793661135111703,-0.38659510158055405
2024-05-16,AZ,Arizona,0.56,0.43,0.13,42.72955,39.235,3.494550000000004,0.8699999999999999,0.02,-0.1573499999999938,0.5417579159489184,-0.6129360268608494
2024-05-17,AZ,Arizona,0.565,0.42,0.1449999999999999,42.77435,39.21585,3.558499999999995,0.855,0.0149999999999999,0.0639499999999912,0.7038875500133326,-0.35113666567700286
2024-05-18,AZ,Arizona,0.57,0.415,0.1549999999999999,42.7817,39.24915,3.5325500000000005,0.845,0.01,-0.0259499999999945,0.6466487055095586,-0.4359520909638237
2024-05-19,AZ,Arizona,0.57,0.415,0.1549999999999999,42.29255,38.2415,4.0510499999999965,0.845,0.0,0.518499999999996,0.6930132120041395,-0.36670621503292933
2024-05-20,AZ,Arizona,0.58,0.39,0.1899999999999999,42.277,38.023700000000005,4.253299999999996,0.81,0.0349999999999999,0.2022499999999993,0.6692917041132688,-0.4015352838227165
2024-05-21,AZ,Arizona,0.58,0.39,0.1899999999999999,42.28975,38.2013,4.088449999999995,0.81,0.0,-0.1648500000000012,0.7262167823719713,-0.31990671042044305
2024-05-22,AZ,Arizona,0.58,0.385,0.1949999999999999,42.661649999999995,38.3512,4.310449999999996,0.805,0.005,0.2220000000000013,0.6453080464892893,-0.43802748474060277
2024-05-23,AZ,Arizona,0.58,0.385,0.1949999999999999,42.5362,38.198899999999995,4.337300000000006,0.805,0.0,0.0268500000000102,0.6009097220759892,-0.5093105685819412
2024-05-24,AZ,Arizona,0.58,0.38,0.1999999999999999,42.71825,38.0226,4.6956500000000005,0.8,0.005,0.3583499999999944,0.6882823386547494,-0.3735561492783038
2024-05-25,AZ,Arizona,0.58,0.38,0.1999999999999999,42.7772,38.14155,4.635649999999998,0.8,0.0,-0.0600000000000022,0.7118084633144236,-0.33994641595927666
2024-05-26,AZ,Arizona,0.58,0.38,0.1999999999999999,42.758399999999995,38.1615,4.596899999999998,0.8,0.0,-0.0387500000000002,0.7959874468739309,-0.2281718635209867
2024-05-27,AZ,Arizona,0.58,0.38,0.1999999999999999,42.793949999999995,38.12505,4.668899999999994,0.8,0.0,0.0719999999999956,0.7057313904560822,-0.3485205806608297
2024-05-28,AZ,Arizona,0.58,0.38,0.1999999999999999,42.76535,38.0817,4.68365,0.8,0.0,0.0147500000000064,0.7128614370972635,-0.338468215325893
2024-05-29,AZ,Arizona,0.58,0.38,0.1999999999999999,42.533100000000005,38.0728,4.460300000000004,0.8,0.0,-0.2233499999999963,0.7701804709598834,-0.2611304137266311
2024-05-30,AZ,Arizona,0.58,0.385,0.1949999999999999,42.6938,37.8064,4.887400000000007,0.805,-0.005,0.4271000000000029,0.6782681158327849,-0.3882126181311088
2024-05-31,AZ,Arizona,0.58,0.385,0.1949999999999999,42.5647,37.8176,4.747100000000003,0.805,0.0,-0.1403000000000034,0.8669366859521918,-0.14278933145156647
2024-06-01,AZ,Arizona,0.585,0.385,0.1999999999999999,42.53985,37.90675,4.633099999999999,0.8,0.005,-0.1140000000000043,0.6511182987698914,-0.4290639347418421
2024-06-02,AZ,Arizona,0.585,0.38,0.2049999999999999,42.5206,37.9366,4.584000000000003,0.795,0.005,-0.0490999999999957,0.6447816319779337,-0.4388435745820426
2024-06-03,AZ,Arizona,0.585,0.38,0.2049999999999999,42.57755,37.82065,4.756900000000002,0.795,0.0,0.1728999999999985,0.7605772263139398,-0.2736776256744213
2024-06-04,AZ,Arizona,0.585,0.385,0.1999999999999999,42.5919,37.85995,4.731950000000005,0.8,-0.005,-0.0249499999999969,0.6563606001469668,-0.42104494571920525
2024-06-05,AZ,Arizona,0.585,0.39,0.1949999999999999,42.5478,38.03345,4.51435,0.805,-0.005,-0.2176000000000044,0.6406738456909431,-0.44523477262980976
2024-06-06,AZ,Arizona,0.585,0.38,0.2049999999999999,42.9285,38.42305,4.505449999999996,0.795,0.01,-0.0089000000000041,0.7118068358085731,-0.339948702399794
2024-06-07,AZ,Arizona,0.585,0.38,0.2049999999999999,42.90145,38.3719,4.52955,0.795,0.0,0.0241000000000042,0.6076299696600701,-0.4981891848224468
2024-06-08,AZ,Arizona,0.585,0.385,0.1999999999999999,42.87895,38.46135,4.4176,0.8,-0.005,-0.1119500000000002,0.8193798576864606,-0.1992074959551736
2024-06-09,AZ,Arizona,0.585,0.385,0.1999999999999999,42.93725,38.5504,4.3868499999999955,0.8,0.0,-0.0307500000000047,0.6553726616053329,-0.422551256121237
2024-06-10,AZ,Arizona,0.585,0.385,0.1999999999999999,42.87395,38.67465,4.199300000000001,0.8,0.0,-0.1875499999999945,0.7019453768781263,-0.35389968869865646
2024-06-11,AZ,Arizona,0.585,0.38,0.2049999999999999,42.85765,38.62445,4.2331999999999965,0.795,0.005,0.0338999999999956,0.6739062594566289,-0.3946642586673617
2024-06-12,AZ,Arizona,0.585,0.38,0.2049999999999999,43.0827,38.74355,4.339150000000004,0.795,0.0,0.1059500000000071,0.7071608658423723,-0.3464971059511899
2024-06-13,AZ,Arizona,0.585,0.38,0.2049999999999999,43.07955,38.6931,4.386449999999996,0.795,0.0,0.0472999999999927,0.7284081715546326,-0.31689371269266464
2024-06-14,AZ,Arizona,0.595,0.38,0.2149999999999999,43.08645,38.677400000000006,4.4090499999999935,0.785,0.01,0.022599999999997,0.7272287312764948,-0.31851422744322005
2024-06-15,AZ,Arizona,0.595,0.38,0.2149999999999999,43.09255,38.606350000000006,4.486199999999997,0.785,0.0,0.0771500000000031,0.7091818843449518,-0.34364324889717646
2024-06-16,AZ,Arizona,0.595,0.38,0.2149999999999999,43.1206,38.59975,4.520850000000003,0.785,0.0,0.0346500000000062,0.8093006655055294,-0.21158478015840532
2024-06-17,AZ,Arizona,0.595,0.38,0.2149999999999999,42.908249999999995,38.742450000000005,4.16579999999999,0.785,0.0,-0.3550500000000127,0.7579710892425743,-0.2771100349080768
2024-06-18,AZ,Arizona,0.595,0.38,0.2149999999999999,42.9383,38.7479,4.190399999999997,0.785,0.0,0.0246000000000066,0.8600138638555984,-0.15080676910219798
2024-06-19,AZ,Arizona,0.595,0.38,0.2149999999999999,42.951899999999995,38.9027,4.049199999999992,0.785,0.0,-0.1412000000000048,0.8821589101236823,-0.12538306899579188
2024-06-20,AZ,Arizona,0.595,0.38,0.2149999999999999,42.024,39.362300000000005,2.661699999999996,0.785,0.0,-1.3874999999999955,0.7521237656722747,-0.284854386563427
2024-06-21,AZ,Arizona,0.595,0.38,0.2149999999999999,42.279250000000005,39.5631,2.716150000000006,0.785,0.0,0.0544500000000098,0.7050720321015476,-0.34945530819550913
2024-06-22,AZ,Arizona,0.595,0.38,0.2149999999999999,42.3811,39.49935,2.881750000000004,0.785,0.0,0.1655999999999977,0.7193061328003693,-0.3294682360776503
2024-06-23,AZ,Arizona,0.595,0.38,0.2149999999999999,42.437,39.64225,2.7947500000000005,0.785,0.0,-0.0870000000000033,0.7818470592820783,-0.2460961339300061
2024-06-24,AZ,Arizona,0.595,0.38,0.2149999999999999,42.56715,39.5311,3.036049999999996,0.785,0.0,0.2412999999999954,0.7386925022667842,-0.3028735444017792
2024-06-25,AZ,Arizona,0.595,0.38,0.2149999999999999,42.5741,39.4886,3.0855000000000032,0.785,0.0,0.0494500000000073,0.8769099488155132,-0.1313509728221244
2024-06-26,AZ,Arizona,0.595,0.38,0.2149999999999999,42.81095,39.6104,3.20055,0.785,0.0,0.1150499999999965,0.846144332662972,-0.1670653279428593
2024-06-27,AZ,Arizona,0.635,0.375,0.26,43.1371,39.34955,3.787549999999996,0.74,0.045,0.5869999999999962,1.9786776882684909,0.6824287873980114
2024-06-28,AZ,Arizona,0.675,0.325,0.35,43.44775,39.1583,4.289450000000002,0.6499999999999999,0.09,0.5019000000000062,0.8975309865191622,-0.10810763384614992
2024-06-29,AZ,Arizona,0.72,0.275,0.4449999999999999,43.6417,39.0009,4.640799999999999,0.555,0.0949999999999999,0.3513499999999965,0.7367318997663713,-0.30553122533986415
2024-06-30,AZ,Arizona,0.71,0.275,0.4349999999999999,43.85455,38.910250000000005,4.944299999999998,0.5650000000000001,-0.01,0.3034999999999996,0.6746814638849633,-0.39351460484759215
2024-07-01,AZ,Arizona,0.69,0.315,0.3749999999999999,43.8932,38.90575,4.987450000000003,0.625,-0.06,0.0431500000000042,0.8715711820751719,-0.13745773970383107
2024-07-02,AZ,Arizona,0.695,0.32,0.3749999999999999,43.91589999999999,38.7676,5.148299999999992,0.625,0.0,0.1608499999999892,0.8977869888369073,-0.10782244501275735
2024-07-03,AZ,Arizona,0.74,0.275,0.4649999999999999,44.09125,38.4214,5.669850000000004,0.535,0.09,0.521550000000012,0.8048885816997576,-0.21705141896920882
2024-07-04,AZ,Arizona,0.735,0.265,0.47,44.0304,38.29035,5.740050000000004,0.53,0.005,0.0701999999999998,0.8498222273263921,-0.1627280956933901
2024-07-05,AZ,Arizona,0.715,0.27,0.4449999999999999,44.18285,38.28885,5.8940000000000055,0.555,-0.025,0.1539500000000018,0.7412148718409576,-0.299464720226948
2024-07-06,AZ,Arizona,0.715,0.27,0.4449999999999999,44.0246,39.1658,4.858800000000002,0.555,0.0,-1.0352000000000032,0.9014549428012096,-0.10374521784160813
2024-07-07,AZ,Arizona,0.705,0.27,0.4349999999999999,44.122600000000006,39.15485,4.967750000000002,0.5650000000000001,-0.01,0.1089500000000001,0.8228906982515991,-0.1949318960537521
2024-07-08,AZ,Arizona,0.705,0.275,0.4299999999999999,43.64815,39.0348,4.613350000000004,0.5700000000000001,-0.005,-0.3543999999999982,0.8711151909413852,-0.13798105950623935
2024-07-09,AZ,Arizona,0.705,0.275,0.4299999999999999,43.73505,39.258399999999995,4.4766500000000065,0.5700000000000001,0.0,-0.1366999999999976,0.8487689122304828,-0.16396831790624974
2024-07-10,AZ,Arizona,0.73,0.27,0.4599999999999999,43.95045,39.4846,4.465849999999996,0.54,0.03,-0.0108000000000103,0.8418125148910847,-0.17219795593379075
2024-07-11,AZ,Arizona,0.73,0.27,0.4599999999999999,44.03515,39.64985,4.385300000000001,0.54,0.0,-0.0805499999999952,0.8580466191470556,-0.15309684630002152
2024-07-12,AZ,Arizona,0.715,0.27,0.4449999999999999,43.95175,39.817350000000005,4.134399999999992,0.555,-0.015,-0.2509000000000085,0.8322351682132959,-0.1836402239975544
2024-07-13,AZ,Arizona,0.72,0.265,0.4549999999999999,43.880300000000005,39.771550000000005,4.108750000000001,0.545,0.01,-0.0256499999999917,2.411220617393959,0.8801330995311911
2024-07-14,AZ,Arizona,0.735,0.24,0.495,43.88435,39.7974,4.0869499999999945,0.505,0.04,-0.021800000000006,0.7587345960527266,-0.27610323855721186
2024-07-15,AZ,Arizona,0.755,0.22,0.535,43.9804,39.6435,4.3369,0.4649999999999999,0.04,0.2499500000000054,0.9321880609485486,-0.07022070251818663
2024-07-16,AZ,Arizona,0.755,0.22,0.535,43.9098,39.7514,4.1584,0.4649999999999999,0.0,-0.1784999999999996,0.8041830482140889,-0.21792836380841565
2024-07-17,AZ,Arizona,0.745,0.23,0.515,43.9432,39.7742,4.168999999999997,0.485,-0.02,0.0105999999999966,0.9018620743138831,-0.10329368157180448
2024-07-18,AZ,Arizona,0.735,0.24,0.495,44.94725,39.3381,5.60915,0.505,-0.02,1.4401500000000027,0.9648274393699141,-0.035806012939017924
2024-07-19,AZ,Arizona,0.695,0.31,0.3849999999999999,45.06085,39.562250000000006,5.498599999999996,0.615,-0.11,-0.1105500000000034,0.9598200678573869,-0.04100944140254626
2024-07-20,AZ,Arizona,0.725,0.275,0.4499999999999999,45.0926,39.4909,5.601699999999994,0.55,0.065,0.1030999999999977,0.9942576517873932,-0.005758898884330358
2024-07-21,AZ,Arizona,0.725,0.3,0.425,45.040949999999995,39.5146,5.526349999999994,0.575,-0.0249999999999999,-0.0753500000000002,2.2938257649869445,0.8302210633322085
2024-07-22,AZ,Arizona,0.645,0.305,0.34,45.040949999999995,39.5146,5.526349999999994,0.6599999999999999,-0.0849999999999999,0.0,0.9477017323211415,-0.053715454586226064
2024-07-23,AZ,Arizona,0.635,0.33,0.305,45.040949999999995,39.5146,5.526349999999994,0.6950000000000001,-0.035,0.0,0.8578142867160415,-0.15336765197155355
2024-07-24,AZ,Arizona,0.615,0.375,0.24,45.040949999999995,39.5146,5.526349999999994,0.76,-0.065,0.0,1.0159663053128325,0.01584018454417774
2024-07-25,AZ,Arizona,0.585,0.4,0.1849999999999999,45.040949999999995,39.5146,5.526349999999994,0.8150000000000001,-0.055,0.0,0.7982485665882704,-0.22533524308159783
2024-07-26,AZ,Arizona,0.605,0.395,0.2099999999999999,45.040949999999995,39.5146,5.526349999999994,0.79,0.025,0.0,0.9686994542608146,-0.03180087592270907
2024-07-27,AZ,Arizona,0.605,0.395,0.2099999999999999,45.040949999999995,39.5146,5.526349999999994,0.79,0.0,0.0,0.9136830123654982,-0.09027158128622141
2024-07-28,AZ,Arizona,0.585,0.405,0.1799999999999999,45.040949999999995,39.5146,5.526349999999994,0.8200000000000001,-0.03,0.0,1.048678275570301,0.047530586062743053
2024-07-29,AZ,Arizona,0.6,0.405,0.1949999999999999,45.040949999999995,39.5146,5.526349999999994,0.805,0.015,0.0,0.9095930036747081,-0.0947580282258885
2024-07-30,AZ,Arizona,0.625,0.38,0.245,45.040949999999995,39.5146,5.526349999999994,0.755,0.05,0.0,0.8103624997247462,-0.2102736009031921
2024-07-31,AZ,Arizona,0.665,0.335,0.33,45.040949999999995,39.5146,5.526349999999994,0.6699999999999999,0.085,0.0,0.9214744973829653,-0.08178017736866185
2024-08-01,AZ,Arizona,0.645,0.355,0.29,45.8746,43.54575,2.3288500000000028,0.71,-0.0399999999999999,-3.197499999999991,0.9824001921185508,-0.017756526028864083
2024-08-02,AZ,Arizona,0.62,0.39,0.2299999999999999,45.8048,43.7277,2.0771000000000015,0.77,-0.06,-0.2517500000000012,0.8078532941285608,-0.21337480361883873
2024-08-03,AZ,Arizona,0.615,0.385,0.2299999999999999,45.8463,43.68015,2.166150000000002,0.77,0.0,0.0890500000000003,1.0374135066243038,0.03673060253838092
2024-08-04,AZ,Arizona,0.605,0.385,0.2199999999999999,45.92985,43.9024,2.0274500000000018,0.78,-0.01,-0.1387,1.0314311398297138,0.030947293985932874
2024-08-05,AZ,Arizona,0.595,0.39,0.2049999999999999,45.84125,44.0405,1.8007500000000007,0.795,-0.015,-0.226700000000001,0.8319672068284396,-0.18396225380737877
2024-08-06,AZ,Arizona,0.585,0.38,0.2049999999999999,45.3732,44.1139,1.259299999999996,0.795,0.0,-0.5414500000000046,0.9685580722917109,-0.03194683686741253
2024-08-07,AZ,Arizona,0.595,0.405,0.1899999999999999,45.413799999999995,44.25895,1.1548499999999962,0.81,-0.015,-0.1044499999999999,0.911078770539384,-0.09312591944545753
2024-08-08,AZ,Arizona,0.59,0.405,0.1849999999999999,44.792649999999995,44.34635,0.4462999999999937,0.8150000000000001,-0.005,-0.7085500000000025,1.05843490984234,0.056791316874756394
2024-08-09,AZ,Arizona,0.575,0.425,0.1499999999999999,44.84,44.40375,0.4362500000000011,0.8500000000000001,-0.0349999999999999,-0.0100499999999925,1.053150531990178,0.05178617829098956
2024-08-10,AZ,Arizona,0.53,0.45,0.08,44.7732,44.87855,-0.1053499999999942,0.92,-0.0699999999999999,-0.5415999999999954,1.136927053432422,0.1283290556587276
2024-08-11,AZ,Arizona,0.53,0.465,0.065,44.8036,44.81655,-0.0129499999999964,0.935,-0.015,0.0923999999999978,0.9676623349287053,-0.03287208011303347
2024-08-12,AZ,Arizona,0.525,0.475,0.05,44.79145,45.0974,-0.3059500000000028,0.95,-0.0149999999999999,-0.2930000000000063,1.144548884674307,0.13501057218884938
2024-08-13,AZ,Arizona,0.52,0.475,0.045,44.848299999999995,45.10885,-0.260550000000002,0.955,-0.005,0.0454000000000007,1.1160609082841269,0.10980543978535755
2024-08-14,AZ,Arizona,0.52,0.485,0.035,44.65565,45.3223,-0.6666499999999971,0.965,-0.01,-0.406099999999995,0.8966244662487897,-0.10911815982495075
2024-08-15,AZ,Arizona,0.505,0.495,0.01,44.1264,45.07115,-0.9447500000000062,0.99,-0.025,-0.2781000000000091,1.1380897193974984,0.12935117213732564
2024-08-16,AZ,Arizona,0.505,0.495,0.01,44.38325,44.96455,-0.5813000000000059,0.99,0.0,0.3634500000000003,0.8395015897078747,-0.17494690882979522
2024-08-17,AZ,Arizona,0.505,0.495,0.01,44.1078,45.3666,-1.2588000000000008,0.99,0.0,-0.6774999999999949,1.0782753156476166,0.07536283472845869
2024-08-18,AZ,Arizona,0.505,0.49,0.015,44.18525,45.4983,-1.313049999999997,0.985,0.005,-0.0542499999999961,0.9292250243293895,-0.07340434740096066
2024-08-19,AZ,Arizona,0.51,0.485,0.025,44.46705,45.2231,-0.7560500000000019,0.975,0.01,0.556999999999995,1.0070147902459967,0.006990301062524943
2024-08-20,AZ,Arizona,0.5,0.495,0.005,44.55575,45.2739,-0.7181499999999943,0.995,-0.02,0.0379000000000075,1.001018272920866,0.0010177548326690343
2024-08-21,AZ,Arizona,0.525,0.475,0.05,44.39765,45.58335,-1.1857000000000042,0.95,0.045,-0.4675500000000099,1.1119819573769847,0.10614397031634827
2024-08-22,AZ,Arizona,0.535,0.46,0.075,44.32325,45.75915,-1.4358999999999966,0.925,0.0249999999999999,-0.2501999999999924,1.0450197183531726,0.04403575447623829
2024-08-23,AZ,Arizona,0.545,0.455,0.09,44.4147,45.77265,-1.357949999999995,0.91,0.015,0.0779500000000013,1.0195786349758278,0.019389438980768687
2024-08-24,AZ,Arizona,0.545,0.45,0.095,44.41215,45.78645,-1.3743000000000052,0.905,0.005,-0.0163500000000098,0.8670416560438284,-0.14266825716912293
2024-08-25,AZ,Arizona,0.555,0.445,0.11,44.42415,45.7026,-1.2784499999999994,0.8899999999999999,0.015,0.0958500000000057,0.9760734543626196,-0.024217434783544625
2024-08-26,AZ,Arizona,0.545,0.455,0.09,44.54415,45.63835,-1.0942000000000007,0.91,-0.02,0.1842499999999987,0.9718971443184213,-0.028505298723328475
2024-08-27,AZ,Arizona,0.545,0.455,0.09,44.5387,45.36395,-0.825250000000004,0.91,0.0,0.2689499999999967,1.131529815762012,0.12357053639564103
2024-08-28,AZ,Arizona,0.545,0.455,0.09,44.647400000000005,45.6767,-1.029299999999992,0.91,0.0,-0.204049999999988,0.9771437082565024,-0.023121546398497145
2024-08-29,AZ,Arizona,0.545,0.455,0.09,45.2421,45.67405,-0.4319500000000005,0.91,0.0,0.5973499999999916,1.1690779677123824,0.1562153763414521
2024-08-30,AZ,Arizona,0.555,0.435,0.12,45.2196,45.529250000000005,-0.3096500000000048,0.8799999999999999,0.03,0.1222999999999956,1.1499612903265644,0.13972828122303227
2024-08-31,AZ,Arizona,0.565,0.435,0.1299999999999999,45.35135,45.61185,-0.2605000000000004,0.8700000000000001,0.0099999999999998,0.0491500000000044,1.143157988088718,0.1337945975606924
2024-09-01,AZ,Arizona,0.565,0.435,0.1299999999999999,45.3922,45.59,-0.1978000000000008,0.8700000000000001,0.0,0.0626999999999995,0.9349085756764342,-0.06730653449943248
2024-09-02,AZ,Arizona,0.565,0.435,0.1299999999999999,45.40875,45.6443,-0.2355500000000034,0.8700000000000001,0.0,-0.0377500000000026,1.0462739612196665,0.04523524456137194
2024-09-03,AZ,Arizona,0.585,0.41,0.175,45.46035,45.63615,-0.1758000000000024,0.825,0.045,0.059750000000001,1.227684733273444,0.20513006490166832
2024-09-04,AZ,Arizona,0.585,0.415,0.1699999999999999,45.659850000000006,45.3751,0.2847500000000025,0.8300000000000001,-0.005,0.4605500000000049,0.9807631346114067,-0.01942430156674945
2024-09-05,AZ,Arizona,0.6,0.4,0.1999999999999999,45.977050000000006,45.4497,0.5273500000000055,0.8,0.0299999999999999,0.242600000000003,1.16530403803065,0.1529820298194729
2024-09-06,AZ,Arizona,0.62,0.38,0.24,46.02865,45.5666,0.4620499999999978,0.76,0.04,-0.0653000000000076,1.1403127498848178,0.1313025667857438
2024-09-07,AZ,Arizona,0.62,0.385,0.235,46.0178,45.57875,0.4390500000000017,0.765,-0.005,-0.0229999999999961,1.085430150842827,0.0819763608156411
2024-09-08,AZ,Arizona,0.62,0.38,0.24,46.1332,45.6651,0.4680999999999997,0.76,0.005,0.029049999999998,1.1404172342031857,0.13139419036167785
2024-09-09,AZ,Arizona,0.635,0.365,0.27,46.25945,45.63565,0.6238000000000028,0.73,0.03,0.155700000000003,1.155930873667385,0.14490597059663818
2024-09-10,AZ,Arizona,0.625,0.365,0.26,46.2445,45.49245,0.7520500000000041,0.74,-0.01,0.1282500000000013,2.5716863929297467,0.9445618677318846
2024-09-11,AZ,Arizona,0.635,0.37,0.265,46.2171,45.4487,0.7683999999999997,0.735,0.005,0.0163499999999956,1.1162827526588004,0.11000419446572798
2024-09-12,AZ,Arizona,0.595,0.395,0.1999999999999999,46.151250000000005,45.5599,0.5913500000000056,0.8,-0.065,-0.1770499999999941,0.9913880685408101,-0.008649228427928835
2024-09-13,AZ,Arizona,0.605,0.395,0.2099999999999999,46.151250000000005,45.5599,0.5913500000000056,0.79,0.01,0.0,0.9986932311079143,-0.0013076234591165616
2024-09-14,AZ,Arizona,0.605,0.395,0.2099999999999999,46.151250000000005,45.5599,0.5913500000000056,0.79,0.0,0.0,1.0513566053218761,0.05008133531754593
2024-09-15,AZ,Arizona,0.605,0.395,0.2099999999999999,46.151250000000005,45.5599,0.5913500000000056,0.79,0.0,0.0,1.2921719482796326,0.25632448340887415
2024-09-16,AZ,Arizona,0.605,0.395,0.2099999999999999,46.151250000000005,45.5599,0.5913500000000056,0.79,0.0,0.0,1.2186811445155001,0.19776924492612036
2024-09-17,AZ,Arizona,0.605,0.385,0.2199999999999999,46.151250000000005,45.5599,0.5913500000000056,0.78,0.01,0.0,1.2813101862801894,0.2478831374590154
2024-09-18,AZ,Arizona,0.615,0.385,0.2299999999999999,46.151250000000005,45.5599,0.5913500000000056,0.77,0.01,0.0,1.0982281319490812,0.09369809195147828
2024-09-19,AZ,Arizona,0.62,0.375,0.245,46.151250000000005,45.5599,0.5913500000000056,0.755,0.015,0.0,1.0760660600628429,0.07331185396550019
2024-09-20,AZ,Arizona,0.625,0.375,0.25,46.151250000000005,45.5599,0.5913500000000056,0.75,0.005,0.0,1.180772698841479,0.16616905369694746
2024-09-21,AZ,Arizona,0.615,0.38,0.235,46.151250000000005,45.5599,0.5913500000000056,0.765,-0.015,0.0,1.0805686723927386,0.07748745106989889
2024-09-22,AZ,Arizona,0.615,0.385,0.2299999999999999,46.151250000000005,45.5599,0.5913500000000056,0.77,-0.005,0.0,0.9901963801054062,-0.009851991782152741
2024-09-23,AZ,Arizona,0.605,0.385,0.2199999999999999,46.151250000000005,45.5599,0.5913500000000056,0.78,-0.01,0.0,1.1548366721645889,0.14395892459319928
2024-09-24,AZ,Arizona,0.625,0.375,0.25,46.151250000000005,45.5599,0.5913500000000056,0.75,0.03,0.0,1.0520147675587999,0.050707151820413805
2024-09-25,AZ,Arizona,0.625,0.365,0.26,46.151250000000005,45.5599,0.5913500000000056,0.74,0.01,0.0,1.1481037200865494,0.1381116423236413
2024-09-26,AZ,Arizona,0.625,0.365,0.26,46.151250000000005,45.5599,0.5913500000000056,0.74,0.0,0.0,1.1477753034340592,0.13782555002403343
2024-09-27,AZ,Arizona,0.625,0.375,0.25,46.151250000000005,45.5599,0.5913500000000056,0.75,-0.01,0.0,1.0086883715106587,0.008650844818149489
2024-09-28,AZ,Arizona,0.645,0.355,0.29,46.151250000000005,45.5599,0.5913500000000056,0.71,0.04,0.0,0.9889898397513152,-0.011071220666679345
2024-09-29,AZ,Arizona,0.635,0.365,0.27,46.151250000000005,45.5599,0.5913500000000056,0.73,-0.02,0.0,1.3339169401125277,0.28811968177124975
2024-09-30,AZ,Arizona,0.635,0.355,0.28,46.151250000000005,45.5599,0.5913500000000056,0.72,0.01,0.0,1.1571611586435322,0.1459697286097009
2024-10-01,AZ,Arizona,0.635,0.36,0.275,46.151250000000005,45.5599,0.5913500000000056,0.725,-0.005,0.0,1.060285220461252,0.05853794783638808
2024-10-02,AZ,Arizona,0.645,0.355,0.29,46.151250000000005,45.5599,0.5913500000000056,0.71,0.015,0.0,1.3413732831096032,0.2936939273162248
2024-10-03,AZ,Arizona,0.635,0.36,0.275,46.151250000000005,45.5599,0.5913500000000056,0.725,-0.015,0.0,1.0408846635526074,0.040070989597143274
2024-10-04,AZ,Arizona,0.635,0.365,0.27,46.151250000000005,45.5599,0.5913500000000056,0.73,-0.005,0.0,1.3277988936997904,0.28352260411970875
2024-10-05,AZ,Arizona,0.635,0.365,0.27,46.151250000000005,45.5599,0.5913500000000056,0.73,0.0,0.0,4.25664996344994,1.4484824573553126
2024-10-06,AZ,Arizona,0.63,0.365,0.265,46.151250000000005,45.5599,0.5913500000000056,0.735,-0.005,0.0,3.574371772451932,1.273789432718526
2024-10-07,AZ,Arizona,0.635,0.365,0.27,46.151250000000005,45.5599,0.5913500000000056,0.73,0.005,0.0,3.570372917092874,1.2726700489055638
2024-10-08,AZ,Arizona,0.67,0.33,0.34,46.151250000000005,45.5599,0.5913500000000056,0.6599999999999999,0.07,0.0,3.645337135880602,1.2934488538804458
2024-10-09,AZ,Arizona,0.66,0.335,0.325,46.151250000000005,45.5599,0.5913500000000056,0.675,-0.015,0.0,3.8149688884496737,1.3389325096441045
2024-10-10,AZ,Arizona,0.665,0.335,0.33,46.151250000000005,45.5599,0.5913500000000056,0.6699999999999999,0.005,0.0,3.589498695522854,1.278012553619612
2024-10-11,AZ,Arizona,0.66,0.335,0.325,46.151250000000005,45.5599,0.5913500000000056,0.675,-0.005,0.0,4.094015761842761,1.4095263372177054
2024-10-12,AZ,Arizona,0.655,0.345,0.31,46.151250000000005,45.5599,0.5913500000000056,0.69,-0.0149999999999999,0.0,3.5381929795838354,1.2636161390730962
2024-10-13,AZ,Arizona,0.665,0.335,0.33,46.151250000000005,45.5599,0.5913500000000056,0.6699999999999999,0.0199999999999999,0.0,4.0491360879417595,1.3985035467449698
2024-10-14,AZ,Arizona,0.665,0.335,0.33,46.151250000000005,45.5599,0.5913500000000056,0.6699999999999999,0.0,0.0,4.309811657874929,1.4608942042919069
2024-10-15,AZ,Arizona,0.675,0.325,0.35,46.151250000000005,45.5599,0.5913500000000056,0.6499999999999999,0.02,0.0,4.31912845836047,1.4630536361527164
2024-10-16,AZ,Arizona,0.675,0.315,0.36,46.151250000000005,45.5599,0.5913500000000056,0.6399999999999999,0.01,0.0,4.119583503290012,1.4157520668168884
2024-10-17,AZ,Arizona,0.685,0.315,0.37,46.151250000000005,45.5599,0.5913500000000056,0.6299999999999999,0.01,0.0,3.8785336349213098,1.3554571530579724
2024-10-18,AZ,Arizona,0.695,0.305,0.3899999999999999,46.151250000000005,45.5599,0.5913500000000056,0.6100000000000001,0.0199999999999999,0.0,4.133381475397535,1.4190958311486497
2024-10-19,AZ,Arizona,0.695,0.295,0.3999999999999999,46.151250000000005,45.5599,0.5913500000000056,0.6000000000000001,0.01,0.0,4.019986734590425,1.3912786027723572
2024-10-20,AZ,Arizona,0.705,0.295,0.41,46.151250000000005,45.5599,0.5913500000000056,0.5900000000000001,0.01,0.0,3.9451359376714126,1.3724834119225224
2024-10-21,AZ,Arizona,0.7,0.295,0.4049999999999999,46.151250000000005,45.5599,0.5913500000000056,0.595,-0.005,0.0,3.7304900891274024,1.3165396162116294
2024-10-22,AZ,Arizona,0.71,0.295,0.415,46.151250000000005,45.5599,0.5913500000000056,0.585,0.01,0.0,4.349823383897637,1.4701352428734913
2024-10-23,AZ,Arizona,0.745,0.26,0.485,46.151250000000005,45.5599,0.5913500000000056,0.515,0.07,0.0,4.118412382880938,1.4154677451364348
2024-10-24,AZ,Arizona,0.735,0.26,0.475,46.151250000000005,45.5599,0.5913500000000056,0.525,-0.01,0.0,3.848383311517576,1.3476531410226398
2024-10-25,AZ,Arizona,0.71,0.285,0.425,46.151250000000005,45.5599,0.5913500000000056,0.575,-0.0499999999999999,0.0,3.954522537789767,1.3748598702378083
2024-10-26,AZ,Arizona,0.725,0.275,0.4499999999999999,46.151250000000005,45.5599,0.5913500000000056,0.55,0.0249999999999999,0.0,4.169007307878147,1.4276779518062497
2024-10-27,AZ,Arizona,0.725,0.265,0.4599999999999999,46.151250000000005,45.5599,0.5913500000000056,0.54,0.01,0.0,4.5203130805136205,1.5085812570457473
2024-10-28,AZ,Arizona,0.74,0.26,0.48,46.151250000000005,45.5599,0.5913500000000056,0.52,0.02,0.0,4.4655786609248596,1.496398805242476
2024-10-29,AZ,Arizona,0.745,0.255,0.49,46.151250000000005,45.5599,0.5913500000000056,0.51,0.01,0.0,4.525586415424937,1.5097471633242856
2024-10-30,AZ,Arizona,0.745,0.255,0.49,46.151250000000005,45.5599,0.5913500000000056,0.51,0.0,0.0,3.755426481638652,1.3232018557676914
2024-10-31,AZ,Arizona,0.745,0.255,0.49,46.151250000000005,45.5599,0.5913500000000056,0.51,0.0,0.0,4.147782524084133,1.4225738598906417
2024-11-01,AZ,Arizona,0.755,0.245,0.51,46.151250000000005,45.5599,0.5913500000000056,0.49,0.02,0.0,4.283675715703836,1.4548114531059517
2024-11-02,AZ,Arizona,0.74,0.255,0.485,46.151250000000005,45.5599,0.5913500000000056,0.515,-0.025,0.0,3.8906461396911154,1.3585752465851795
2024-11-03,AZ,Arizona,0.745,0.255,0.49,46.151250000000005,45.5599,0.5913500000000056,0.51,0.005,0.0,4.020221052628564,1.3913368893351938
2024-11-04,AZ,Arizona,0.75,0.25,0.5,46.151250000000005,45.5599,0.5913500000000056,0.5,0.01,0.0,4.585236864608049,1.5228417651391712
2024-11-05,AZ,Arizona,0.765,0.245,0.52,46.151250000000005,45.5599,0.5913500000000056,0.48,0.02,0.0,3.9582738415226757,1.3758080316295902
2024-11-06,AZ,Arizona,0.815,0.19,0.625,46.151250000000005,45.5599,0.5913500000000056,0.375,0.1049999999999999,0.0,4.314348804441257,1.4619463987645742
2024-11-07,AZ,Arizona,0.9865,0.0075,0.979,46.151250000000005,45.5599,0.5913500000000056,0.0209999999999999,0.3540000000000001,0.0,4.040074003022366,1.3962630093850874
2024-11-08,AZ,Arizona,0.9965,0.0025,0.994,46.151250000000005,45.5599,0.5913500000000056,0.0059999999999998,0.015,0.0,3.8660702839297842,1.3522385606337621
2024-11-09,AZ,Arizona,0.998,0.0015,0.9965,46.151250000000005,45.5599,0.5913500000000056,0.0034999999999999,0.0024999999999999,0.0,4.0623509389100505,1.4017618550220865
2024-11-10,AZ,Arizona,0.9955,0.0005,0.995,46.151250000000005,45.5599,0.5913500000000056,0.0049999999999998,-0.0014999999999999,0.0,4.691832036362006,1.5458231322736593
2024-03-08,GA,Georgia,0.5,0.5,0.0,45.68645,38.591,7.09545,1.0,,,0.9006694085525931,-0.10461700484984394
2024-03-09,GA,Georgia,0.585,0.415,0.1699999999999999,45.6703,38.49495,7.175349999999995,0.8300000000000001,0.1699999999999999,0.0798999999999949,0.7621784917916573,-0.2715745095292757
2024-03-10,GA,Georgia,0.585,0.415,0.1699999999999999,45.57695,38.4594,7.117549999999994,0.8300000000000001,0.0,-0.0578000000000002,0.671950598511151,-0.39757045528159385
2024-03-11,GA,Georgia,0.585,0.415,0.1699999999999999,45.58085,38.54225,7.038599999999995,0.8300000000000001,0.0,-0.0789499999999989,0.716951293612167,-0.3327473714958221
2024-03-12,GA,Georgia,0.585,0.415,0.1699999999999999,45.70140000000001,39.5789,6.122500000000009,0.8300000000000001,0.0,-0.916099999999986,0.7243156353128543,-0.32252802122266455
2024-03-13,GA,Georgia,0.585,0.415,0.1699999999999999,45.8142,39.639,6.175199999999997,0.8300000000000001,0.0,0.0526999999999873,0.6116281200007039,-0.49163082821978
2024-03-14,GA,Georgia,0.585,0.415,0.1699999999999999,46.07245,39.545,6.527450000000002,0.8300000000000001,0.0,0.352250000000005,0.701094766239925,-0.35511221386636294
2024-03-15,GA,Georgia,0.585,0.415,0.1699999999999999,45.92785,39.34055,6.587299999999999,0.8300000000000001,0.0,0.0598499999999972,0.7453016451203333,-0.2939662497705689
2024-03-16,GA,Georgia,0.585,0.415,0.1699999999999999,45.91395,39.3994,6.51455,0.8300000000000001,0.0,-0.0727499999999992,0.7965668134518256,-0.22744426934364848
2024-03-17,GA,Georgia,0.585,0.415,0.1699999999999999,46.01565,39.5864,6.429250000000003,0.8300000000000001,0.0,-0.0852999999999966,0.5870901022475169,-0.5325769747706508
2024-03-18,GA,Georgia,0.585,0.415,0.1699999999999999,45.83485,39.63875,6.196100000000001,0.8300000000000001,0.0,-0.2331500000000019,0.6632330243281663,-0.41062888097232547
2024-03-19,GA,Georgia,0.585,0.415,0.1699999999999999,45.67715,39.8377,5.839449999999999,0.8300000000000001,0.0,-0.3566500000000019,0.7261690486523458,-0.3199724418791547
2024-03-20,GA,Georgia,0.585,0.415,0.1699999999999999,45.6469,39.3309,6.3160000000000025,0.8300000000000001,0.0,0.4765500000000031,0.8118565427491081,-0.20843162591995154
2024-03-21,GA,Georgia,0.585,0.415,0.1699999999999999,45.7025,39.5258,6.176700000000004,0.8300000000000001,0.0,-0.1392999999999986,0.6272260861484494,-0.46644821937517317
2024-03-22,GA,Georgia,0.585,0.415,0.1699999999999999,45.73909999999999,39.34275,6.396349999999991,0.8300000000000001,0.0,0.2196499999999872,0.6553827313113353,-0.42253589138414416
2024-03-23,GA,Georgia,0.585,0.415,0.1699999999999999,45.75695,39.354,6.402950000000004,0.8300000000000001,0.0,0.006600000000013,0.8539533250704778,-0.15787874117139594
2024-03-24,GA,Georgia,0.585,0.415,0.1699999999999999,45.71325,39.457449999999994,6.255800000000008,0.8300000000000001,0.0,-0.1471499999999963,0.7364596118823267,-0.3059008824889751
2024-03-25,GA,Georgia,0.585,0.415,0.1699999999999999,45.56335,40.11835,5.445,0.8300000000000001,0.0,-0.8108000000000075,0.8933348516978004,-0.11279379448507199
2024-03-26,GA,Georgia,0.585,0.415,0.1699999999999999,45.57125,40.0746,5.4966500000000025,0.8300000000000001,0.0,0.0516500000000021,0.7856383539930957,-0.24125870185929343
2024-03-27,GA,Georgia,0.585,0.415,0.1699999999999999,45.95045,39.72675,6.223699999999994,0.8300000000000001,0.0,0.7270499999999913,0.7256230028978997,-0.32072467878472505
2024-03-28,GA,Georgia,0.585,0.415,0.1699999999999999,45.85765,39.69165,6.165999999999997,0.8300000000000001,0.0,-0.0576999999999969,0.7018127473539515,-0.3540886521992481
2024-03-29,GA,Georgia,0.585,0.415,0.1699999999999999,45.9822,39.66855,6.3136499999999955,0.8300000000000001,0.0,0.1476499999999987,0.8941807122123933,-0.11184738529590853
2024-03-30,GA,Georgia,0.585,0.415,0.1699999999999999,45.9546,39.7094,6.245199999999997,0.8300000000000001,0.0,-0.0684499999999985,0.8902364424699255,-0.11626818584228835
2024-03-31,GA,Georgia,0.585,0.415,0.1699999999999999,45.92325,39.7041,6.219150000000006,0.8300000000000001,0.0,-0.0260499999999908,0.8542560622303751,-0.1575242914589457
2024-04-01,GA,Georgia,0.585,0.415,0.1699999999999999,45.97875,39.69255,6.286200000000001,0.8300000000000001,0.0,0.0670499999999947,0.838688143346381,-0.17591634203413228
2024-04-02,GA,Georgia,0.585,0.415,0.1699999999999999,45.17635,39.7497,5.426650000000002,0.8300000000000001,0.0,-0.8595499999999987,0.7824891890625024,-0.2452751725578347
2024-04-03,GA,Georgia,0.585,0.415,0.1699999999999999,45.2255,40.12595,5.099549999999994,0.8300000000000001,0.0,-0.3271000000000086,0.8003483783903628,-0.22270817311709967
2024-04-04,GA,Georgia,0.585,0.415,0.1699999999999999,45.1081,40.27505,4.83305,0.8300000000000001,0.0,-0.2664999999999935,0.7625134986890248,-0.27113506745854904
2024-04-05,GA,Georgia,0.585,0.415,0.1699999999999999,45.082049999999995,40.2756,4.806449999999998,0.8300000000000001,0.0,-0.0266000000000019,0.9607832426321526,-0.04000644942575352
2024-04-06,GA,Georgia,0.585,0.415,0.1699999999999999,45.07075,40.13715,4.933599999999998,0.8300000000000001,0.0,0.1271500000000003,0.7227963209299924,-0.32462781030193155
2024-04-07,GA,Georgia,0.585,0.41,0.175,45.1298,40.19505,4.934750000000001,0.825,0.005,0.0011500000000026,0.7811238370195638,-0.2470215795871745
2024-04-08,GA,Georgia,0.575,0.415,0.1599999999999999,45.0239,40.0806,4.943300000000001,0.8400000000000001,-0.015,0.0085499999999996,0.7816450754584325,-0.24635450916616033
2024-04-09,GA,Georgia,0.575,0.415,0.1599999999999999,45.0343,40.1902,4.8441000000000045,0.8400000000000001,0.0,-0.0991999999999961,0.7321017256049455,-0.31183580527051563
2024-04-10,GA,Georgia,0.575,0.415,0.1599999999999999,44.9075,40.13375,4.77375,0.8400000000000001,0.0,-0.0703500000000048,0.6955408758552127,-0.36306549744741873
2024-04-11,GA,Georgia,0.575,0.39,0.1849999999999999,44.99355,39.78,5.213549999999998,0.8150000000000001,0.0249999999999999,0.4397999999999982,0.8771428146240698,-0.13108545537045085
2024-04-12,GA,Georgia,0.575,0.39,0.1849999999999999,44.9461,39.62055,5.32555,0.8150000000000001,0.0,0.1120000000000018,0.7758867779713365,-0.2537486741201537
2024-04-13,GA,Georgia,0.575,0.4,0.1749999999999999,44.9122,39.79975,5.1124499999999955,0.8250000000000001,-0.01,-0.2131000000000042,1.01132806823788,0.011264386151613822
2024-04-14,GA,Georgia,0.575,0.4,0.1749999999999999,44.92215,39.8814,5.040750000000003,0.8250000000000001,0.0,-0.0716999999999927,0.9514957454090512,-0.04972006371252341
2024-04-15,GA,Georgia,0.575,0.4,0.1749999999999999,44.93455,39.6739,5.260649999999998,0.8250000000000001,0.0,0.2198999999999955,0.854512235663621,-0.15722445743758562
2024-04-16,GA,Georgia,0.575,0.405,0.1699999999999999,44.62835,39.5828,5.045549999999999,0.8300000000000001,-0.005,-0.2150999999999996,0.7326457091439761,-0.31109303753986767
2024-04-17,GA,Georgia,0.575,0.405,0.1699999999999999,44.82295,39.39165,5.4313,0.8300000000000001,0.0,0.3857500000000016,0.7731043781117647,-0.25734120961164125
2024-04-18,GA,Georgia,0.575,0.405,0.1699999999999999,45.39965,39.42725,5.9724,0.8300000000000001,0.0,0.5411000000000001,0.9431783538003544,-0.058499879767496626
2024-04-19,GA,Georgia,0.575,0.405,0.1699999999999999,45.41405,39.3053,6.108750000000001,0.8300000000000001,0.0,0.1363500000000002,0.7508863531106372,-0.2865009660850801
2024-04-20,GA,Georgia,0.575,0.405,0.1699999999999999,45.28155,39.2116,6.069950000000006,0.8300000000000001,0.0,-0.0387999999999948,0.8424170993053093,-0.17148002004773688
2024-04-21,GA,Georgia,0.575,0.405,0.1699999999999999,45.18035,39.07565,6.104699999999994,0.8300000000000001,0.0,0.0347499999999882,0.7829313340753304,-0.24471028278150914
2024-04-22,GA,Georgia,0.575,0.405,0.1699999999999999,44.8445,39.33015,5.514349999999993,0.8300000000000001,0.0,-0.5903500000000008,0.9933663834214732,-0.006655716803482068
2024-04-23,GA,Georgia,0.575,0.405,0.1699999999999999,44.91225,39.3512,5.561050000000002,0.8300000000000001,0.0,0.0467000000000084,0.9250886388030418,-0.07786572032768595
2024-04-24,GA,Georgia,0.575,0.405,0.1699999999999999,45.42795,39.387550000000005,6.040399999999998,0.8300000000000001,0.0,0.4793499999999966,0.8241650367513431,-0.1933844818079016
2024-04-25,GA,Georgia,0.575,0.405,0.1699999999999999,45.3003,39.396,5.904299999999999,0.8300000000000001,0.0,-0.136099999999999,0.9879676611500039,-0.012105313399511427
2024-04-26,GA,Georgia,0.575,0.405,0.1699999999999999,45.59215,39.26595,6.3262,0.8300000000000001,0.0,0.4219000000000008,0.9546156185993528,-0.046446513136945616
2024-04-27,GA,Georgia,0.575,0.405,0.1699999999999999,45.60905,39.3425,6.266550000000002,0.8300000000000001,0.0,-0.0596499999999977,0.8651569841244734,-0.14484430397962061
2024-04-28,GA,Georgia,0.575,0.405,0.1699999999999999,45.8094,39.2081,6.601299999999995,0.8300000000000001,0.0,0.3347499999999925,1.0539856655227988,0.05257884995344285
2024-04-29,GA,Georgia,0.575,0.405,0.1699999999999999,45.9689,39.19475,6.774149999999999,0.8300000000000001,0.0,0.1728500000000039,0.8643623443880522,-0.14576321801456352
2024-04-30,GA,Georgia,0.575,0.405,0.1699999999999999,45.311049999999994,39.39195,5.919099999999993,0.8300000000000001,0.0,-0.8550500000000056,0.969099817665311,-0.03138766139012737
2024-05-01,GA,Georgia,0.575,0.405,0.1699999999999999,45.34105,39.4367,5.904350000000001,0.8300000000000001,0.0,-0.0147499999999922,0.9338632711656792,-0.06842524208435079
2024-05-02,GA,Georgia,0.575,0.405,0.1699999999999999,45.232299999999995,39.39065,5.841649999999994,0.8300000000000001,0.0,-0.0627000000000066,0.9480619238174209,-0.05333545837789353
2024-05-03,GA,Georgia,0.575,0.405,0.1699999999999999,45.36525,39.43515,5.930100000000003,0.8300000000000001,0.0,0.0884500000000088,0.8572807358515034,-0.15398983427017782
2024-05-04,GA,Georgia,0.575,0.405,0.1699999999999999,45.32145,39.392700000000005,5.928749999999994,0.8300000000000001,0.0,-0.0013500000000092,0.8434910212822168,-0.17020602165002158
2024-05-05,GA,Georgia,0.575,0.405,0.1699999999999999,45.43770000000001,39.3862,6.051500000000004,0.8300000000000001,0.0,0.1227500000000105,0.8708916630360927,-0.13823769214348644
2024-05-06,GA,Georgia,0.575,0.405,0.1699999999999999,45.18505,39.31415,5.870899999999999,0.8300000000000001,0.0,-0.1806000000000054,0.9094549930263854,-0.09490976765094791
2024-05-07,GA,Georgia,0.575,0.405,0.1699999999999999,45.13675,39.23435,5.9024,0.8300000000000001,0.0,0.0315000000000011,0.9791891152412258,-0.021030483256828703
2024-05-08,GA,Georgia,0.575,0.405,0.1699999999999999,45.0522,39.574349999999995,5.477850000000004,0.8300000000000001,0.0,-0.4245499999999964,0.8323432479561128,-0.18351036559987371
2024-05-09,GA,Georgia,0.575,0.405,0.1699999999999999,44.976,39.483050000000006,5.492949999999993,0.8300000000000001,0.0,0.0150999999999896,1.1171988665768433,0.11082454056710553
2024-05-10,GA,Georgia,0.58,0.4,0.1799999999999999,44.9306,39.46305,5.467549999999996,0.8200000000000001,0.01,-0.0253999999999976,1.1325059848261192,0.1244328629757633
2024-05-11,GA,Georgia,0.585,0.395,0.1899999999999999,44.8778,39.54655,5.331249999999997,0.81,0.01,-0.1362999999999985,0.9623310715485778,-0.03839673830329382
2024-05-12,GA,Georgia,0.585,0.395,0.1899999999999999,44.95355,39.091800000000006,5.861749999999994,0.81,0.0,0.5304999999999964,0.8418817939042607,-0.17211566188212926
2024-05-13,GA,Georgia,0.595,0.39,0.2049999999999999,44.41925,38.3771,6.0421499999999995,0.795,0.015,0.1804000000000059,0.8561020627804607,-0.15536567772782672
2024-05-14,GA,Georgia,0.63,0.36,0.27,44.5214,38.3726,6.148800000000001,0.73,0.065,0.1066500000000019,0.8820659553269989,-0.12548844648886517
2024-05-15,GA,Georgia,0.63,0.36,0.27,44.650099999999995,38.41225,6.237849999999995,0.73,0.0,0.0890499999999931,1.1695920433447287,0.15665500710440336
2024-05-16,GA,Georgia,0.63,0.355,0.275,44.46765,38.42465,6.042999999999999,0.725,0.005,-0.1948499999999953,0.9240628296992806,-0.07897521214213489
2024-05-17,GA,Georgia,0.625,0.355,0.27,44.497,38.4102,6.086799999999997,0.73,-0.005,0.0437999999999974,1.0329015954564382,0.032371924667110634
2024-05-18,GA,Georgia,0.62,0.355,0.265,44.397450000000006,38.41475,5.982700000000008,0.735,-0.005,-0.1040999999999883,0.8626373995755517,-0.14776083890842184
2024-05-19,GA,Georgia,0.63,0.355,0.275,44.3392,38.08685,6.25235,0.725,0.01,0.2696499999999915,1.1264004940206593,0.11902714500522667
2024-05-20,GA,Georgia,0.635,0.345,0.29,44.33615,37.9267,6.409450000000007,0.71,0.015,0.1571000000000069,1.1241837806637431,0.11705724403445897
2024-05-21,GA,Georgia,0.635,0.345,0.29,44.33195,38.0761,6.255850000000002,0.71,0.0,-0.1536000000000044,1.0674794611330616,0.06530022577916579
2024-05-22,GA,Georgia,0.635,0.345,0.29,43.8568,38.42815,5.4286499999999975,0.71,0.0,-0.8272000000000048,1.0412068038182174,0.04038042870990926
2024-05-23,GA,Georgia,0.635,0.345,0.29,43.72745,38.3934,5.334049999999998,0.71,0.0,-0.0945999999999998,0.9203261833171438,-0.08302712469216446
2024-05-24,GA,Georgia,0.635,0.345,0.29,43.86435,38.290000000000006,5.5743499999999955,0.71,0.0,0.2402999999999977,0.9561621186734519,-0.04482780010547737
2024-05-25,GA,Georgia,0.635,0.345,0.29,43.9444,38.35435,5.590050000000005,0.71,0.0,0.0157000000000095,1.2085640398383457,0.1894329109351966
2024-05-26,GA,Georgia,0.635,0.345,0.29,43.9441,38.3197,5.624400000000001,0.71,0.0,0.0343499999999963,1.2207847235097018,0.1994938679619806
2024-05-27,GA,Georgia,0.635,0.345,0.29,43.89735,38.38295,5.514400000000002,0.71,0.0,-0.1099999999999994,1.1130257807902704,0.10708223535871816
2024-05-28,GA,Georgia,0.635,0.345,0.29,43.8964,38.3424,5.554000000000002,0.71,0.0,0.0396,1.0041773596547405,0.004168658710796297
2024-05-29,GA,Georgia,0.635,0.345,0.29,43.61585,38.2772,5.338650000000001,0.71,0.0,-0.2153500000000008,1.071280112159053,0.06885429990146884
2024-05-30,GA,Georgia,0.635,0.355,0.28,43.82915,37.9707,5.858449999999998,0.72,-0.01,0.5197999999999965,1.0635747718441382,0.061635660515472236
2024-05-31,GA,Georgia,0.635,0.355,0.28,43.64245,38.12695,5.515499999999996,0.72,0.0,-0.3429500000000018,1.1188540305608,0.11230497449456327
2024-06-01,GA,Georgia,0.635,0.355,0.28,43.6412,38.2199,5.421299999999995,0.72,0.0,-0.0942000000000007,1.0281180379701387,0.02772998336947599
2024-06-02,GA,Georgia,0.635,0.355,0.28,43.631699999999995,38.2554,5.376299999999993,0.72,0.0,-0.0450000000000017,1.0360676082239146,0.03543240061141422
2024-06-03,GA,Georgia,0.635,0.355,0.28,43.61975,38.1957,5.424050000000001,0.72,0.0,0.0477500000000077,1.0786433685309147,0.07570411128150642
2024-06-04,GA,Georgia,0.635,0.355,0.28,43.5846,38.15255,5.432050000000004,0.72,0.0,0.0080000000000026,0.9912395848501633,-0.008799013175125762
2024-06-05,GA,Georgia,0.635,0.355,0.28,44.25795,38.81915,5.4388000000000005,0.72,0.0,0.0067499999999967,1.0956595010871955,0.09135646606608477
2024-06-06,GA,Georgia,0.635,0.355,0.28,44.078950000000006,38.771,5.307950000000005,0.72,0.0,-0.1308499999999952,1.1053117896129425,0.100127457715001
2024-06-07,GA,Georgia,0.635,0.355,0.28,43.998149999999995,38.73985,5.258299999999998,0.72,0.0,-0.0496500000000068,0.9185691306082949,-0.08493811247951097
2024-06-08,GA,Georgia,0.635,0.35,0.285,43.8406,38.69295,5.147649999999999,0.715,0.005,-0.1106499999999996,1.0703216082543938,0.06795917177421414
2024-06-09,GA,Georgia,0.635,0.35,0.285,44.10485,38.70815,5.396699999999996,0.715,0.0,0.2490499999999968,1.1286902629742923,0.12105790118073052
2024-06-10,GA,Georgia,0.635,0.35,0.285,44.0719,38.78205,5.289850000000001,0.715,0.0,-0.1068499999999943,1.1233049528891816,0.1162751908866653
2024-06-11,GA,Georgia,0.635,0.35,0.285,43.93835,38.75635,5.182000000000002,0.715,0.0,-0.1078499999999991,1.0235308856778715,0.023258302193334798
2024-06-12,GA,Georgia,0.64,0.345,0.295,44.02875,38.747600000000006,5.281149999999997,0.705,0.01,0.0991499999999945,1.1614518539233942,0.14967082073198568
2024-06-13,GA,Georgia,0.645,0.345,0.3,44.0629,38.7815,5.281399999999998,0.7,0.005,0.0002500000000011,1.2819775043231723,0.24840381101470327
2024-06-14,GA,Georgia,0.65,0.34,0.31,43.95125,38.704800000000006,5.246449999999996,0.69,0.0099999999999999,-0.034950000000002,1.16201211021249,0.15015308024502497
2024-06-15,GA,Georgia,0.65,0.34,0.31,43.950599999999994,38.62055,5.330049999999993,0.69,0.0,0.083599999999997,1.2620393510010226,0.2327289450917033
2024-06-16,GA,Georgia,0.65,0.345,0.305,43.9654,38.65475000000001,5.310649999999995,0.695,-0.0049999999999999,-0.0193999999999974,1.0884150380996993,0.084722544534646
2024-06-17,GA,Georgia,0.655,0.345,0.31,43.7857,38.8188,4.966899999999995,0.69,0.005,-0.34375,1.2621711415345587,0.2328333662832367
2024-06-18,GA,Georgia,0.655,0.345,0.31,43.7171,38.849999999999994,4.867100000000008,0.69,0.0,-0.0997999999999876,1.269679361520062,0.23876439735022445
2024-06-19,GA,Georgia,0.655,0.345,0.31,43.904799999999994,39.0052,4.899599999999992,0.69,0.0,0.0324999999999846,1.3138724016701415,0.2729788085513137
2024-06-20,GA,Georgia,0.665,0.335,0.33,43.524550000000005,38.829899999999995,4.69465000000001,0.6699999999999999,0.0199999999999999,-0.2049499999999824,1.145185125310972,0.13556630543145748
2024-06-21,GA,Georgia,0.665,0.325,0.34,43.48275,38.8767,4.606050000000003,0.6599999999999999,0.01,-0.0886000000000066,1.1087741089310157,0.10325499864968309
2024-06-22,GA,Georgia,0.665,0.325,0.34,43.547799999999995,38.868399999999994,4.679400000000001,0.6599999999999999,0.0,0.0733499999999978,1.1531723408937578,0.14251670183765583
2024-06-23,GA,Georgia,0.67,0.325,0.345,43.64565,38.972,4.673650000000002,0.655,0.005,-0.005749999999999,1.1350193919426377,0.12664973619942757
2024-06-24,GA,Georgia,0.67,0.325,0.345,43.80855,38.94235,4.866199999999999,0.655,0.0,0.1925499999999971,1.081361726324461,0.07822110463040634
2024-06-25,GA,Georgia,0.675,0.325,0.35,43.77485,38.97195,4.802900000000001,0.6499999999999999,0.005,-0.0632999999999981,1.3130977786539317,0.27238906220058395
2024-06-26,GA,Georgia,0.665,0.325,0.34,43.9865,38.981449999999995,5.005050000000004,0.6599999999999999,-0.01,0.2021500000000031,1.336969710138354,0.29040564276845154
2024-06-27,GA,Georgia,0.82,0.305,0.5149999999999999,44.1135,38.8088,5.304700000000004,0.4850000000000001,0.1749999999999998,0.2996499999999997,2.6660324582334587,0.980591396563671
2024-06-28,GA,Georgia,0.755,0.255,0.5,44.3809,38.55565,5.825249999999997,0.5,-0.0149999999999999,0.520549999999993,1.200658264768872,0.18286996036728279
2024-06-29,GA,Georgia,0.77,0.22,0.55,44.565,38.34745,6.217549999999996,0.4499999999999999,0.05,0.3922999999999987,1.0308764444802891,0.030409357388093597
2024-06-30,GA,Georgia,0.795,0.195,0.6000000000000001,44.737750000000005,38.28815,6.449600000000004,0.3999999999999999,0.05,0.232050000000008,1.1597900386673163,0.14823898758672321
2024-07-01,GA,Georgia,0.795,0.205,0.5900000000000001,44.84965,38.27065,6.5789999999999935,0.4099999999999999,-0.01,0.1293999999999897,1.3733376215994304,0.31724399721230734
2024-07-02,GA,Georgia,0.795,0.205,0.5900000000000001,44.84675,38.13545,6.711300000000001,0.4099999999999999,0.0,0.1323000000000078,1.1630688135798184,0.1510620408143282
2024-07-03,GA,Georgia,0.795,0.205,0.5900000000000001,44.98985,37.761,7.228849999999994,0.4099999999999999,0.0,0.5175499999999928,1.2926928128199826,0.25672749447176496
2024-07-04,GA,Georgia,0.785,0.215,0.5700000000000001,45.0624,37.7131,7.3493,0.4299999999999999,-0.02,0.1204500000000052,1.3117467820060997,0.27135967037496617
2024-07-05,GA,Georgia,0.785,0.215,0.5700000000000001,45.1331,37.59065,7.542450000000002,0.4299999999999999,0.0,0.1931500000000028,1.2376148814001233,0.21318604460659493
2024-07-06,GA,Georgia,0.785,0.215,0.5700000000000001,44.4802,38.95675,5.523450000000004,0.4299999999999999,0.0,-2.0189999999999984,1.353903450374628,0.3029918649864895
2024-07-07,GA,Georgia,0.785,0.22,0.5650000000000001,44.53775,38.94414999999999,5.593600000000009,0.4349999999999999,-0.005,0.0701500000000052,1.3669005675830088,0.3125458174101311
2024-07-08,GA,Georgia,0.75,0.25,0.5,44.13455,38.75395,5.380599999999994,0.5,-0.065,-0.2130000000000151,1.3219794062830403,0.27913016361000687
2024-07-09,GA,Georgia,0.755,0.25,0.505,44.1429,38.95910000000001,5.183799999999991,0.495,0.005,-0.1968000000000032,1.1620671939587857,0.15020048288417506
2024-07-10,GA,Georgia,0.755,0.23,0.525,44.33405,39.04495,5.289099999999998,0.475,0.02,0.1053000000000068,1.3193613174557566,0.27714776909259115
2024-07-11,GA,Georgia,0.76,0.23,0.53,44.343900000000005,39.1839,5.160000000000004,0.47,0.005,-0.129099999999994,1.2930440232280918,0.25699914656363504
2024-07-12,GA,Georgia,0.76,0.235,0.525,44.22455,39.447,4.777549999999998,0.475,-0.005,-0.3824500000000057,1.26671057243232,0.2364234399100701
2024-07-13,GA,Georgia,0.75,0.245,0.505,44.17545,39.351299999999995,4.824150000000003,0.495,-0.02,0.046600000000005,3.4229756297661664,1.2305102399685606
2024-07-14,GA,Georgia,0.76,0.225,0.535,44.20784999999999,39.32885,4.878999999999991,0.4649999999999999,0.03,0.0548499999999876,1.2646557612529397,0.23479995965487607
2024-07-15,GA,Georgia,0.77,0.225,0.545,44.273,39.194599999999994,5.078400000000009,0.4549999999999999,0.01,0.1994000000000184,1.3300009274515363,0.28517963956540143
2024-07-16,GA,Georgia,0.765,0.235,0.53,44.0562,39.51415,4.542049999999996,0.47,-0.015,-0.536350000000013,1.2864285144221466,0.2518697852588934
2024-07-17,GA,Georgia,0.765,0.235,0.53,44.526399999999995,39.14765,5.378749999999997,0.47,0.0,0.8367000000000004,1.1106438007947552,0.10493984790483248
2024-07-18,GA,Georgia,0.765,0.235,0.53,45.06855,39.0407,6.027850000000001,0.47,0.0,0.6491000000000042,1.2658168041895514,0.23571760881965415
2024-07-19,GA,Georgia,0.715,0.295,0.42,45.1618,39.20285,5.9589500000000015,0.5800000000000001,-0.11,-0.0688999999999993,1.4930075916462846,0.40079260337084005
2024-07-20,GA,Georgia,0.735,0.265,0.47,45.1382,39.20235,5.935849999999995,0.53,0.0499999999999999,-0.0231000000000065,1.5332010581175077,0.42735774466067217
2024-07-21,GA,Georgia,0.745,0.24,0.505,45.12735,39.1984,5.92895,0.495,0.035,-0.0068999999999945,3.1517033015466467,1.147943037345133
2024-07-22,GA,Georgia,0.705,0.305,0.3999999999999999,45.12735,39.1984,5.92895,0.6000000000000001,-0.105,0.0,1.3599327512900579,0.30743525094454893
2024-07-23,GA,Georgia,0.705,0.305,0.3999999999999999,45.12735,39.1984,5.92895,0.6000000000000001,0.0,0.0,1.4860601400590212,0.3961284165796097
2024-07-24,GA,Georgia,0.62,0.385,0.235,45.12735,39.1984,5.92895,0.765,-0.1649999999999999,0.0,1.3640996527411897,0.310494615946998
2024-07-25,GA,Georgia,0.62,0.39,0.2299999999999999,45.12735,39.1984,5.92895,0.77,-0.005,0.0,1.3079507825080445,0.26846162427510034
2024-07-26,GA,Georgia,0.615,0.385,0.2299999999999999,45.12735,39.1984,5.92895,0.77,0.0,0.0,1.4276780714662631,0.35604939835226657
2024-07-27,GA,Georgia,0.615,0.39,0.2249999999999999,45.12735,39.1984,5.92895,0.775,-0.005,0.0,1.3274415394504457,0.2832534350854919
2024-07-28,GA,Georgia,0.61,0.395,0.2149999999999999,45.12735,39.1984,5.92895,0.785,-0.01,0.0,1.4157623323305764,0.34766813678477
2024-07-29,GA,Georgia,0.61,0.395,0.2149999999999999,45.12735,39.1984,5.92895,0.785,0.0,0.0,1.4604059810543268,0.37871446628145866
2024-07-30,GA,Georgia,0.62,0.39,0.2299999999999999,45.63715,44.21295,1.424199999999999,0.77,0.015,-4.504750000000001,1.3371868502745676,0.2905680417393311
2024-07-31,GA,Georgia,0.635,0.365,0.27,45.5589,44.46135,1.0975499999999982,0.73,0.04,-0.3266500000000008,1.4666903527087856,0.38300840169987477
2024-08-01,GA,Georgia,0.64,0.355,0.285,45.60675,44.596599999999995,1.010150000000003,0.715,0.015,-0.0873999999999952,1.3659920422435214,0.31188093554123525
2024-08-02,GA,Georgia,0.615,0.385,0.2299999999999999,45.87595,44.7809,1.0950500000000003,0.77,-0.055,0.0848999999999975,1.3896380833708157,0.3290433415643385
2024-08-03,GA,Georgia,0.6,0.425,0.175,45.8443,44.75175,1.0925499999999957,0.825,-0.0549999999999999,-0.0025000000000048,1.2980586045098041,0.26086976711614435
2024-08-04,GA,Georgia,0.605,0.395,0.2099999999999999,45.88005,45.02235,0.8576999999999941,0.79,0.0349999999999999,-0.2348500000000015,1.6059037088488366,0.4736866565968306
2024-08-05,GA,Georgia,0.58,0.41,0.1699999999999999,45.8233,45.164,0.6593000000000018,0.8300000000000001,-0.0399999999999999,-0.1983999999999923,1.221191288574501,0.1998268483569918
2024-08-06,GA,Georgia,0.575,0.415,0.1599999999999999,45.8669,44.89615,0.9707500000000024,0.8400000000000001,-0.01,0.3114500000000006,1.619301944442303,0.48199515788845426
2024-08-07,GA,Georgia,0.585,0.41,0.175,45.81425,45.0898,0.7244500000000045,0.825,0.015,-0.2462999999999979,1.3447228322803695,0.2961879191639152
2024-08-08,GA,Georgia,0.565,0.435,0.1299999999999999,45.68845,45.15795,0.5305000000000035,0.8700000000000001,-0.045,-0.1939500000000009,1.50246988769673,0.40711034575999006
2024-08-09,GA,Georgia,0.54,0.46,0.08,45.8093,45.15455,0.6547499999999999,0.92,-0.0499999999999999,0.1242499999999964,1.4642021067977997,0.3813104571023381
2024-08-10,GA,Georgia,0.54,0.45,0.09,45.7835,45.432,0.3514999999999944,0.91,0.01,-0.3032500000000055,1.5122420008602175,0.4135933184291296
2024-08-11,GA,Georgia,0.53,0.45,0.08,45.79145,45.38135,0.4100999999999999,0.92,-0.01,0.0586000000000055,1.56178320536616,0.44582824880544636
2024-08-12,GA,Georgia,0.535,0.465,0.07,45.67705,45.6559,0.0211499999999986,0.93,-0.01,-0.3889500000000012,1.7181288263054673,0.5412358069588102
2024-08-13,GA,Georgia,0.54,0.465,0.075,45.7832,45.659099999999995,0.1241000000000056,0.925,0.005,0.1029500000000069,1.5229579035473835,0.42065443304998446
2024-08-14,GA,Georgia,0.54,0.455,0.085,45.85575,45.7956,0.0601500000000001,0.915,0.01,-0.0639500000000055,1.413518782252836,0.34608218582611
2024-08-15,GA,Georgia,0.535,0.465,0.07,45.76095,45.9348,-0.1738500000000016,0.93,-0.015,-0.2340000000000017,1.6415839370719916,0.49566159102440827
2024-08-16,GA,Georgia,0.545,0.455,0.09,46.02755,45.79675,0.230799999999995,0.91,0.02,0.4046499999999966,1.469246436629071,0.38474964120842764
2024-08-17,GA,Georgia,0.555,0.44,0.115,46.36125,45.27365,1.0875999999999948,0.885,0.025,0.8567999999999998,1.5491554094859918,0.4377098853149645
2024-08-18,GA,Georgia,0.585,0.415,0.1699999999999999,46.45055,45.4335,1.0170499999999976,0.8300000000000001,0.0549999999999999,-0.0705499999999972,1.3969511103138383,0.3342920834661933
2024-08-19,GA,Georgia,0.595,0.405,0.1899999999999999,46.7399,45.59165,1.148249999999997,0.81,0.0199999999999999,0.1311999999999997,1.3798177225799775,0.32195140535813715
2024-08-20,GA,Georgia,0.575,0.425,0.1499999999999999,46.7467,45.5921,1.154599999999995,0.8500000000000001,-0.0399999999999999,0.0063499999999976,1.4532937161450992,0.37383250878809676
2024-08-21,GA,Georgia,0.595,0.405,0.1899999999999999,46.6482,45.86895,0.7792500000000047,0.81,0.0399999999999999,-0.3753499999999903,1.4156335836763179,0.3475771931949885
2024-08-22,GA,Georgia,0.615,0.385,0.2299999999999999,46.565749999999994,46.0515,0.514249999999997,0.77,0.04,-0.2650000000000077,1.5170248655273453,0.4167510914827821
2024-08-23,GA,Georgia,0.615,0.385,0.2299999999999999,46.57615,46.13705,0.4390999999999962,0.77,0.0,-0.0751500000000007,1.5455424157573867,0.43537492689631274
2024-08-24,GA,Georgia,0.605,0.385,0.2199999999999999,46.5688,46.02945,0.539350000000006,0.78,-0.01,0.1002500000000097,1.503068272295274,0.4075085337546831
2024-08-25,GA,Georgia,0.605,0.395,0.2099999999999999,46.593,46.0475,0.5455000000000041,0.79,-0.01,0.0061499999999981,1.3715422282605778,0.31593582075789095
2024-08-26,GA,Georgia,0.605,0.395,0.2099999999999999,46.7432,45.91555,0.8276499999999984,0.79,0.0,0.2821499999999943,1.5871990947422903,0.4619708871994492
2024-08-27,GA,Georgia,0.605,0.395,0.2099999999999999,46.64165,45.913,0.7286500000000018,0.79,0.0,-0.0989999999999966,1.6273837539438216,0.486973666401429
2024-08-28,GA,Georgia,0.615,0.385,0.2299999999999999,46.11785,46.32895,-0.2111000000000018,0.77,0.02,-0.9397500000000036,1.5553098317174894,0.4416747744767322
2024-08-29,GA,Georgia,0.605,0.385,0.2199999999999999,45.9718,46.63055,-0.6587499999999977,0.78,-0.01,-0.4476499999999959,1.4619383687058158,0.3797632049710418
2024-08-30,GA,Georgia,0.595,0.405,0.1899999999999999,45.85415,46.30695,-0.4528000000000034,0.81,-0.03,0.2059499999999943,1.7044786345286174,0.5332592777731225
2024-08-31,GA,Georgia,0.58,0.415,0.1649999999999999,45.8309,46.31625,-0.4853499999999968,0.835,-0.0249999999999999,-0.0325499999999934,1.630652231361915,0.4889800767230597
2024-09-01,GA,Georgia,0.575,0.425,0.1499999999999999,45.84155,46.28305,-0.4415000000000049,0.8500000000000001,-0.015,0.0438499999999919,1.5319684799604885,0.42655349666841946
2024-09-02,GA,Georgia,0.575,0.415,0.1599999999999999,45.8583,46.3658,-0.5075000000000003,0.8400000000000001,0.01,-0.0659999999999954,1.493742587217643,0.40128477415324854
2024-09-03,GA,Georgia,0.575,0.415,0.1599999999999999,45.92915,46.310500000000005,-0.3813500000000047,0.8400000000000001,0.0,0.1261499999999955,1.7578891426108516,0.5641137384640302
2024-09-04,GA,Georgia,0.575,0.415,0.1599999999999999,45.9485,46.31805,-0.3695499999999967,0.8400000000000001,0.0,0.011800000000008,1.5649307322932131,0.44784156249707224
2024-09-05,GA,Georgia,0.575,0.425,0.1499999999999999,46.051199999999994,46.4104,-0.3592000000000084,0.8500000000000001,-0.01,0.0103499999999883,1.6327896640474078,0.49029000229221753
2024-09-06,GA,Georgia,0.6,0.395,0.2049999999999999,46.0838,46.56585,-0.482050000000001,0.795,0.0549999999999999,-0.1228499999999925,1.7300402006412872,0.5481446456046101
2024-09-07,GA,Georgia,0.595,0.405,0.1899999999999999,46.086749999999995,46.52675,-0.4400000000000048,0.81,-0.015,0.0420499999999961,1.7407843944111472,0.554335813031737
2024-09-08,GA,Georgia,0.595,0.405,0.1899999999999999,46.20815,46.5395,-0.3313499999999933,0.81,0.0,0.1086500000000114,1.5651235976778737,0.4479647970256604
2024-09-09,GA,Georgia,0.595,0.405,0.1899999999999999,46.5454,46.0365,0.5089000000000041,0.81,0.0,0.8402499999999975,1.6135126242887936,0.47841355664338214
2024-09-10,GA,Georgia,0.6,0.395,0.2049999999999999,46.5261,45.90904999999999,0.6170500000000061,0.795,0.015,0.1081500000000019,4.013498996854786,1.3896634286467164
2024-09-11,GA,Georgia,0.6,0.395,0.2049999999999999,46.5185,45.890699999999995,0.6278000000000077,0.795,0.0,0.0107500000000015,1.8179961865634326,0.5977348981532151
2024-09-12,GA,Georgia,0.585,0.415,0.1699999999999999,46.48275,45.96245,0.520300000000006,0.8300000000000001,-0.0349999999999999,-0.1075000000000017,1.6952620415157118,0.527837325647997
2024-09-13,GA,Georgia,0.575,0.415,0.1599999999999999,46.48275,45.96245,0.520300000000006,0.8400000000000001,-0.01,0.0,1.7505270023631043,0.5599168868080954
2024-09-14,GA,Georgia,0.58,0.415,0.1649999999999999,46.48275,45.96245,0.520300000000006,0.835,0.005,0.0,1.7070387449234676,0.5347601412251709
2024-09-15,GA,Georgia,0.585,0.415,0.1699999999999999,46.48275,45.96245,0.520300000000006,0.8300000000000001,0.005,0.0,1.7527325803190803,0.5611760445697906
2024-09-16,GA,Georgia,0.585,0.415,0.1699999999999999,46.48275,45.96245,0.520300000000006,0.8300000000000001,0.0,0.0,1.6824625118240775,0.5202585010546833
2024-09-17,GA,Georgia,0.585,0.415,0.1699999999999999,46.48275,45.96245,0.520300000000006,0.8300000000000001,0.0,0.0,1.6977535238409271,0.5293059206043246
2024-09-18,GA,Georgia,0.58,0.415,0.1649999999999999,46.48275,45.96245,0.520300000000006,0.835,-0.005,0.0,1.647850340286873,0.49947161443081317
2024-09-19,GA,Georgia,0.575,0.415,0.1599999999999999,46.48275,45.96245,0.520300000000006,0.8400000000000001,-0.005,0.0,1.539222525030922,0.4312774350678868
2024-09-20,GA,Georgia,0.58,0.415,0.1649999999999999,46.48275,45.96245,0.520300000000006,0.835,0.005,0.0,1.6701393612996094,0.5129070728269218
2024-09-21,GA,Georgia,0.585,0.415,0.1699999999999999,46.48275,45.96245,0.520300000000006,0.8300000000000001,0.005,0.0,1.6729333438697362,0.5145785789334586
2024-09-22,GA,Georgia,0.585,0.42,0.1649999999999999,46.48275,45.96245,0.520300000000006,0.835,-0.005,0.0,1.6884646468793214,0.5238196230343125
2024-09-23,GA,Georgia,0.585,0.415,0.1699999999999999,46.48275,45.96245,0.520300000000006,0.8300000000000001,0.005,0.0,1.8527255018274602,0.6166577991617015
2024-09-24,GA,Georgia,0.61,0.395,0.2149999999999999,46.48275,45.96245,0.520300000000006,0.785,0.0449999999999999,0.0,1.8179609358100361,0.597715508071203
2024-09-25,GA,Georgia,0.615,0.385,0.2299999999999999,46.48275,45.96245,0.520300000000006,0.77,0.015,0.0,1.7298847939682904,0.5480548132103568
2024-09-26,GA,Georgia,0.615,0.385,0.2299999999999999,46.48275,45.96245,0.520300000000006,0.77,0.0,0.0,1.6451261444862435,0.49781706485556343
2024-09-27,GA,Georgia,0.605,0.395,0.2099999999999999,46.48275,45.96245,0.520300000000006,0.79,-0.02,0.0,1.6704991520992793,0.5131224752415309
2024-09-28,GA,Georgia,0.605,0.395,0.2099999999999999,46.48275,45.96245,0.520300000000006,0.79,0.0,0.0,1.71904902301615,0.5417712443280746
2024-09-29,GA,Georgia,0.605,0.395,0.2099999999999999,46.48275,45.96245,0.520300000000006,0.79,0.0,0.0,1.7498830745720102,0.5595489711729527
2024-09-30,GA,Georgia,0.595,0.405,0.1899999999999999,46.48275,45.96245,0.520300000000006,0.81,-0.02,0.0,1.7182801964456873,0.5413239048187074
2024-10-01,GA,Georgia,0.595,0.405,0.1899999999999999,46.48275,45.96245,0.520300000000006,0.81,0.0,0.0,1.863155987031661,0.6222718170632036
2024-10-02,GA,Georgia,0.605,0.385,0.2199999999999999,46.48275,45.96245,0.520300000000006,0.78,0.03,0.0,1.7883173118579694,0.5812751284879174
2024-10-03,GA,Georgia,0.615,0.385,0.2299999999999999,46.48275,45.96245,0.520300000000006,0.77,0.01,0.0,1.7374357953284263,0.5524103454450927
2024-10-04,GA,Georgia,0.63,0.37,0.26,46.48275,45.96245,0.520300000000006,0.74,0.03,0.0,1.9505742207171237,0.6681238013898654
2024-10-05,GA,Georgia,0.63,0.375,0.255,46.48275,45.96245,0.520300000000006,0.745,-0.005,0.0,5.454415532924068,1.6964254701761334
2024-10-06,GA,Georgia,0.625,0.375,0.25,46.48275,45.96245,0.520300000000006,0.75,-0.005,0.0,5.500773361049327,1.7048886934534888
2024-10-07,GA,Georgia,0.635,0.365,0.27,46.48275,45.96245,0.520300000000006,0.73,0.02,0.0,5.577363515561838,1.7187161764849066
2024-10-08,GA,Georgia,0.635,0.365,0.27,46.48275,45.96245,0.520300000000006,0.73,0.0,0.0,5.355379338290274,1.6781015395402532
2024-10-09,GA,Georgia,0.635,0.36,0.275,46.48275,45.96245,0.520300000000006,0.725,0.005,0.0,5.389963190022381,1.6845385555881947
2024-10-10,GA,Georgia,0.645,0.355,0.29,46.48275,45.96245,0.520300000000006,0.71,0.015,0.0,6.239272668421914,1.830863616039974
2024-10-11,GA,Georgia,0.635,0.365,0.27,46.48275,45.96245,0.520300000000006,0.73,-0.02,0.0,5.645344734812587,1.730831264791475
2024-10-12,GA,Georgia,0.635,0.365,0.27,46.48275,45.96245,0.520300000000006,0.73,0.0,0.0,5.8375039938201905,1.7643033071609813
2024-10-13,GA,Georgia,0.635,0.365,0.27,46.48275,45.96245,0.520300000000006,0.73,0.0,0.0,5.818243821066434,1.760998467250312
2024-10-14,GA,Georgia,0.635,0.365,0.27,46.48275,45.96245,0.520300000000006,0.73,0.0,0.0,6.398834644006215,1.8561158869117698
2024-10-15,GA,Georgia,0.635,0.365,0.27,46.48275,45.96245,0.520300000000006,0.73,0.0,0.0,5.802445167305417,1.7582794092821528
2024-10-16,GA,Georgia,0.635,0.36,0.275,46.48275,45.96245,0.520300000000006,0.725,0.005,0.0,5.955208704496067,1.7842662491278218
2024-10-17,GA,Georgia,0.645,0.355,0.29,46.48275,45.96245,0.520300000000006,0.71,0.015,0.0,6.503500428402248,1.8723405593942246
2024-10-18,GA,Georgia,0.645,0.355,0.29,46.48275,45.96245,0.520300000000006,0.71,0.0,0.0,6.463904601082368,1.866233562613966
2024-10-19,GA,Georgia,0.645,0.355,0.29,46.48275,45.96245,0.520300000000006,0.71,0.0,0.0,5.621019541590106,1.726513060546559
2024-10-20,GA,Georgia,0.655,0.345,0.31,46.48275,45.96245,0.520300000000006,0.69,0.02,0.0,6.370065340714958,1.8516097271005307
2024-10-21,GA,Georgia,0.68,0.325,0.355,46.48275,45.96245,0.520300000000006,0.645,0.0449999999999999,0.0,5.991456667401578,1.7903345657687209
2024-10-22,GA,Georgia,0.685,0.315,0.37,46.48275,45.96245,0.520300000000006,0.6299999999999999,0.015,0.0,6.035815976521482,1.7977110527870144
2024-10-23,GA,Georgia,0.71,0.285,0.425,46.48275,45.96245,0.520300000000006,0.575,0.0549999999999999,0.0,5.782851976834808,1.754896982589596
2024-10-24,GA,Georgia,0.715,0.285,0.43,46.48275,45.96245,0.520300000000006,0.5700000000000001,0.005,0.0,5.632373117711517,1.728530866254998
2024-10-25,GA,Georgia,0.7,0.295,0.4049999999999999,46.48275,45.96245,0.520300000000006,0.595,-0.025,0.0,6.370694089026445,1.8517084258186824
2024-10-26,GA,Georgia,0.725,0.275,0.4499999999999999,46.48275,45.96245,0.520300000000006,0.55,0.0449999999999999,0.0,6.358282373490063,1.8497582738160439
2024-10-27,GA,Georgia,0.725,0.275,0.4499999999999999,46.48275,45.96245,0.520300000000006,0.55,0.0,0.0,6.28323380659868,1.8378847853018407
2024-10-28,GA,Georgia,0.73,0.265,0.4649999999999999,46.48275,45.96245,0.520300000000006,0.535,0.015,0.0,6.69311263351889,1.9010790325319478
2024-10-29,GA,Georgia,0.745,0.26,0.485,46.48275,45.96245,0.520300000000006,0.515,0.02,0.0,6.783494443833067,1.9144923738720672
2024-10-30,GA,Georgia,0.735,0.265,0.47,46.48275,45.96245,0.520300000000006,0.53,-0.015,0.0,5.817800658915666,1.760922296666443
2024-10-31,GA,Georgia,0.735,0.265,0.47,46.48275,45.96245,0.520300000000006,0.53,0.0,0.0,6.467281917018847,1.8667559146825163
2024-11-01,GA,Georgia,0.735,0.265,0.47,46.48275,45.96245,0.520300000000006,0.53,0.0,0.0,5.979215582632329,1.7882893858856932
2024-11-02,GA,Georgia,0.715,0.29,0.425,46.48275,45.96245,0.520300000000006,0.575,-0.0449999999999999,0.0,6.78149134458557,1.9141970400923933
2024-11-03,GA,Georgia,0.63,0.355,0.275,46.48275,45.96245,0.520300000000006,0.725,-0.1499999999999999,0.0,6.533481077134362,1.876939891159769
2024-11-04,GA,Georgia,0.635,0.365,0.27,46.48275,45.96245,0.520300000000006,0.73,-0.005,0.0,7.134550953801192,1.9649493132511657
2024-11-05,GA,Georgia,0.665,0.345,0.32,46.48275,45.96245,0.520300000000006,0.6799999999999999,0.05,0.0,5.850148523599289,1.76646704957093
2024-11-06,GA,Georgia,0.65,0.355,0.295,46.48275,45.96245,0.520300000000006,0.705,-0.025,0.0,5.8568558067049645,1.7676129078366858
2024-11-07,GA,Georgia,0.998,0.001,0.997,46.48275,45.96245,0.520300000000006,0.003,0.702,0.0,6.146202284376005,1.8158343763420657
2024-03-09,MI,Michigan,0.49,0.51,-0.02,43.41115,39.60235,3.808799999999998,0.98,,,0.5908915072560442,-0.5261228532908357
2024-03-10,MI,Michigan,0.485,0.505,-0.02,43.267399999999995,39.5611,3.706299999999992,0.98,0.0,-0.1025000000000062,0.5684449049524873,-0.5648508835002511
2024-03-11,MI,Michigan,0.485,0.505,-0.02,43.34645,39.6489,3.69755,0.98,0.0,-0.008749999999992,0.7474076699203666,-0.2911444998475157
2024-03-12,MI,Michigan,0.485,0.505,-0.02,43.29455,40.14095,3.1536000000000044,0.98,0.0,-0.5439499999999953,0.6057753444876349,-0.5012460803132445
2024-03-13,MI,Michigan,0.485,0.505,-0.02,43.38495,40.2119,3.1730500000000035,0.98,0.0,0.019449999999999,0.5236507153417935,-0.6469303906953705
2024-03-14,MI,Michigan,0.485,0.505,-0.02,44.435100000000006,39.37565,5.059450000000005,0.98,0.0,1.886400000000002,0.6132884607931414,-0.48891988147397986
2024-03-15,MI,Michigan,0.485,0.505,-0.02,44.28475,39.2756,5.009150000000005,0.98,0.0,-0.0503,0.7131570234007985,-0.33805365364109535
2024-03-16,MI,Michigan,0.485,0.505,-0.02,44.4419,39.196349999999995,5.2455500000000015,0.98,0.0,0.2363999999999961,0.7490063840410877,-0.28900777208189904
2024-03-17,MI,Michigan,0.485,0.505,-0.02,44.45185,39.3095,5.14235,0.98,0.0,-0.103200000000001,0.5123542621711878,-0.6687389749046355
2024-03-18,MI,Michigan,0.485,0.505,-0.02,44.3484,39.33185,5.016549999999995,0.98,0.0,-0.1258000000000052,0.6094450882565834,-0.49520642721774233
2024-03-19,MI,Michigan,0.485,0.505,-0.02,44.35915,39.58785,4.7712999999999965,0.98,0.0,-0.2452499999999986,0.5587499914525494,-0.5820531483518092
2024-03-20,MI,Michigan,0.485,0.505,-0.02,44.4656,39.6807,4.7849,0.98,0.0,0.0136000000000038,0.6617017434362491,-0.4129403631840835
2024-03-21,MI,Michigan,0.485,0.505,-0.02,44.2932,40.41,3.883200000000002,0.98,0.0,-0.9016999999999982,0.618200036233781,-0.4809431906723775
2024-03-22,MI,Michigan,0.485,0.505,-0.02,44.146,39.78715,4.358850000000004,0.98,0.0,0.4756500000000017,0.5521837052395767,-0.5938744887234018
2024-03-23,MI,Michigan,0.485,0.505,-0.02,44.13995,39.78745,4.352499999999999,0.98,0.0,-0.0063500000000047,0.7702386667013231,-0.2610548554061135
2024-03-24,MI,Michigan,0.485,0.505,-0.02,44.062749999999994,40.1113,3.951449999999994,0.98,0.0,-0.401050000000005,0.6083148936508825,-0.4970626138998354
2024-03-25,MI,Michigan,0.485,0.505,-0.02,43.91015,40.3633,3.546849999999999,0.98,0.0,-0.4045999999999949,0.7138530694196078,-0.33707812294581685
2024-03-26,MI,Michigan,0.485,0.505,-0.02,43.7423,40.239549999999994,3.502750000000006,0.98,0.0,-0.0440999999999931,0.6912403974509476,-0.36926761781394735
2024-03-27,MI,Michigan,0.485,0.505,-0.02,44.021,40.0407,3.9803,0.98,0.0,0.4775499999999937,0.5516590432413132,-0.594825098832487
2024-03-28,MI,Michigan,0.485,0.505,-0.02,43.94955,40.09925,3.850300000000004,0.98,0.0,-0.1299999999999954,0.6689663693356849,-0.40202149016878314
2024-03-29,MI,Michigan,0.485,0.505,-0.02,44.0728,39.950100000000006,4.122699999999995,0.98,0.0,0.2723999999999904,0.8369973587019329,-0.1779343641703614
2024-03-30,MI,Michigan,0.485,0.505,-0.02,44.07945,39.9929,4.086550000000003,0.98,0.0,-0.0361499999999921,0.8109640800318247,-0.20953151680712323
2024-03-31,MI,Michigan,0.485,0.505,-0.02,43.97365,39.986,3.987650000000002,0.98,0.0,-0.0989000000000004,0.8682809279835481,-0.14123996693443808
2024-04-01,MI,Michigan,0.485,0.505,-0.02,44.02985,39.97845,4.051400000000001,0.98,0.0,0.0637499999999988,0.6354226649730469,-0.4534648873814991
2024-04-02,MI,Michigan,0.485,0.505,-0.02,43.40295,40.06815,3.334799999999994,0.98,0.0,-0.7166000000000068,0.7538398749726037,-0.2825753009376724
2024-04-03,MI,Michigan,0.485,0.505,-0.02,43.38535,40.4858,2.899550000000005,0.98,0.0,-0.4352499999999892,0.6269204709994836,-0.46693558690534476
2024-04-04,MI,Michigan,0.485,0.505,-0.02,43.2465,40.6072,2.639299999999998,0.98,0.0,-0.2602500000000063,0.7145849192368054,-0.33605343739832355
2024-04-05,MI,Michigan,0.485,0.505,-0.02,43.265,40.5784,2.6865999999999985,0.98,0.0,0.0472999999999999,0.9112334221852687,-0.09295618821403255
2024-04-06,MI,Michigan,0.485,0.505,-0.02,43.17675,40.5174,2.6593499999999963,0.98,0.0,-0.0272500000000022,0.5923226445906549,-0.5237037848064332
2024-04-07,MI,Michigan,0.485,0.505,-0.02,43.237849999999995,40.4704,2.7674499999999966,0.98,0.0,0.1081000000000003,0.6633237818778914,-0.410492049214436
2024-04-08,MI,Michigan,0.465,0.525,-0.06,43.12905,40.3822,2.746850000000002,0.94,-0.0399999999999999,-0.0205999999999946,0.6354735406212267,-0.45338482474855857
2024-04-09,MI,Michigan,0.465,0.525,-0.06,43.0988,40.47525,2.6235499999999945,0.94,0.0,-0.1233000000000075,0.6445722297358052,-0.43916839191914087
2024-04-10,MI,Michigan,0.465,0.525,-0.06,43.0295,40.4829,2.546599999999998,0.94,0.0,-0.0769499999999965,0.6720445756782352,-0.3974306078043974
2024-04-11,MI,Michigan,0.425,0.56,-0.135,43.01265,40.0466,2.9660500000000027,0.865,-0.075,0.4194500000000047,0.8501554252055816,-0.16233609303034335
2024-04-12,MI,Michigan,0.425,0.56,-0.135,43.01065,39.9827,3.027949999999997,0.865,0.0,0.0618999999999942,0.7576572932858988,-0.2775241152522779
2024-04-13,MI,Michigan,0.43,0.56,-0.13,42.99595,40.0488,2.9471500000000006,0.8699999999999999,0.005,-0.0807999999999964,0.8323740430080606,-0.18347336826450816
2024-04-14,MI,Michigan,0.43,0.565,-0.1349999999999999,42.939800000000005,40.2384,2.7014000000000067,0.865,-0.0049999999999998,-0.2457499999999939,0.7785932648619959,-0.25026649416172164
2024-04-15,MI,Michigan,0.43,0.565,-0.1349999999999999,43.05745,40.25375,2.8037000000000063,0.865,0.0,0.1022999999999996,0.6820030136208943,-0.38272120234947254
2024-04-16,MI,Michigan,0.435,0.56,-0.125,42.735699999999994,40.11105,2.6246499999999955,0.875,0.0099999999999998,-0.1790500000000108,0.6775737582637796,-0.38923686386798123
2024-04-17,MI,Michigan,0.43,0.56,-0.13,42.6283,39.62845,2.999850000000002,0.8699999999999999,-0.005,0.3752000000000066,0.7121114256370519,-0.3395208831332368
2024-04-18,MI,Michigan,0.43,0.56,-0.13,42.5725,40.0527,2.5197999999999965,0.8699999999999999,0.0,-0.4800500000000056,0.8599646182982231,-0.15086403209461297
2024-04-19,MI,Michigan,0.435,0.56,-0.125,42.57555,39.94255,2.6330000000000027,0.875,0.005,0.1132000000000061,0.7388612851354152,-0.3026450818296493
2024-04-20,MI,Michigan,0.435,0.56,-0.125,42.426649999999995,39.77765,2.648999999999994,0.875,0.0,0.0159999999999911,0.8228790660628554,-0.19494603191770596
2024-04-21,MI,Michigan,0.435,0.56,-0.125,42.29305,39.6833,2.6097499999999982,0.875,0.0,-0.0392499999999955,0.711773106447518,-0.33999608907624285
2024-04-22,MI,Michigan,0.435,0.56,-0.125,41.9067,39.9233,1.9834000000000032,0.875,0.0,-0.6263499999999951,0.8673987138394119,-0.142256530358761
2024-04-23,MI,Michigan,0.435,0.555,-0.12,41.9404,39.95405,1.9863499999999945,0.8799999999999999,0.005,0.0029499999999913,0.8199940112108755,-0.19845824215187963
2024-04-24,MI,Michigan,0.435,0.555,-0.12,41.88675,40.59345,1.293300000000002,0.8799999999999999,0.0,-0.6930499999999924,0.6894828039992564,-0.37181352187231886
2024-04-25,MI,Michigan,0.435,0.555,-0.12,41.67285,40.5878,1.0850499999999954,0.8799999999999999,0.0,-0.2082500000000067,0.9534979428323604,-0.047618011434960326
2024-04-26,MI,Michigan,0.435,0.555,-0.12,42.7209,39.54165,3.1792500000000032,0.8799999999999999,0.0,2.094200000000008,0.8824623101787138,-0.12503919909948727
2024-04-27,MI,Michigan,0.435,0.545,-0.11,42.84555,39.60515,3.240400000000001,0.8899999999999999,0.01,0.0611499999999978,0.668001609968668,-0.4034646953156592
2024-04-28,MI,Michigan,0.435,0.545,-0.11,42.231399999999994,40.2556,1.9757999999999925,0.8899999999999999,0.0,-1.2646000000000086,0.9000155097157442,-0.1053432827888195
2024-04-29,MI,Michigan,0.435,0.535,-0.1,42.3524,40.2371,2.115300000000005,0.8999999999999999,0.01,0.1395000000000124,0.8174370063023874,-0.2015814356905752
2024-04-30,MI,Michigan,0.435,0.535,-0.1,42.09345,40.79245,1.3009999999999948,0.8999999999999999,0.0,-0.81430000000001,0.8598859864456576,-0.15095547242367807
2024-05-01,MI,Michigan,0.435,0.535,-0.1,42.1944,40.792,1.4024,0.8999999999999999,0.0,0.1014000000000052,0.9830554195629372,-0.017089782435403714
2024-05-02,MI,Michigan,0.435,0.535,-0.1,42.06365,40.75045,1.313200000000002,0.8999999999999999,0.0,-0.0891999999999981,0.8736968815065236,-0.13502178097995587
2024-05-03,MI,Michigan,0.435,0.535,-0.1,42.1753,40.7738,1.4014999999999986,0.8999999999999999,0.0,0.0882999999999967,0.7482251913725783,-0.2900512883317911
2024-05-04,MI,Michigan,0.435,0.535,-0.1,42.1999,40.81575,1.3841499999999982,0.8999999999999999,0.0,-0.0173500000000004,0.7808065230586393,-0.2474278895910008
2024-05-05,MI,Michigan,0.435,0.535,-0.1,42.185649999999995,40.7653,1.420349999999992,0.8999999999999999,0.0,0.0361999999999937,0.8410465211883453,-0.17310830402500613
2024-05-06,MI,Michigan,0.435,0.535,-0.1,42.02055,40.6783,1.34225,0.8999999999999999,0.0,-0.078099999999992,0.9087546504829789,-0.0956801326971814
2024-05-07,MI,Michigan,0.435,0.535,-0.1,41.9526,40.61285,1.3397499999999951,0.8999999999999999,0.0,-0.0025000000000048,0.8031469450336315,-0.21921758671636685
2024-05-08,MI,Michigan,0.435,0.535,-0.1,41.8826,40.92805,0.9545499999999976,0.8999999999999999,0.0,-0.3851999999999975,0.7038859938910814,-0.3511388764334955
2024-05-09,MI,Michigan,0.435,0.535,-0.1,41.7552,40.87705,0.8781500000000051,0.8999999999999999,0.0,-0.0763999999999924,0.9446827563341965,-0.05690611543366027
2024-05-10,MI,Michigan,0.43,0.535,-0.105,41.7098,40.9054,0.8044000000000011,0.895,-0.005,-0.0737500000000039,1.0423724013924083,0.041499270453835155
2024-05-11,MI,Michigan,0.435,0.535,-0.1,41.7899,40.953950000000006,0.8359499999999969,0.8999999999999999,0.005,0.0315499999999957,0.8689498168967095,-0.14046990348928343
2024-05-12,MI,Michigan,0.435,0.535,-0.1,41.731849999999994,40.88405,0.8477999999999923,0.8999999999999999,0.0,0.0118499999999954,0.7238917799787229,-0.3231133729364567
2024-05-13,MI,Michigan,0.435,0.535,-0.1,41.4283,40.85025,0.5780499999999975,0.8999999999999999,0.0,-0.2697499999999948,0.8704638750620723,-0.1387290197021231
2024-05-14,MI,Michigan,0.46,0.51,-0.0499999999999999,41.47575,40.77495,0.700800000000001,0.95,0.05,0.1227500000000034,0.7206520990037213,-0.32759878380379964
2024-05-15,MI,Michigan,0.465,0.515,-0.0499999999999999,41.598600000000005,40.809,0.7896000000000072,0.95,0.0,0.0888000000000062,0.9379305301973904,-0.06407939434186102
2024-05-16,MI,Michigan,0.47,0.515,-0.045,41.42245,40.67975,0.7426999999999992,0.955,0.0049999999999999,-0.0469000000000079,0.7448698783745774,-0.29454573575729026
2024-05-17,MI,Michigan,0.47,0.515,-0.045,41.57555,40.77105,0.8044999999999973,0.955,0.0,0.061799999999998,0.8816147004462644,-0.1260001659876354
2024-05-18,MI,Michigan,0.455,0.515,-0.06,41.394549999999995,40.71885,0.675699999999992,0.94,-0.0149999999999999,-0.1288000000000053,0.8874639948062725,-0.1193873276878888
2024-05-19,MI,Michigan,0.455,0.515,-0.06,41.3063,40.4722,0.8340999999999994,0.94,0.0,0.1584000000000074,0.9190170474707271,-0.08445060677594557
2024-05-20,MI,Michigan,0.455,0.515,-0.06,41.36215,40.206900000000005,1.1552499999999952,0.94,0.0,0.3211499999999958,0.8872846467258309,-0.11958943865375189
2024-05-21,MI,Michigan,0.45,0.515,-0.065,41.3768,40.33805,1.0387500000000005,0.935,-0.005,-0.1164999999999949,1.0646890259237034,0.06268276208487501
2024-05-22,MI,Michigan,0.45,0.515,-0.065,40.95475,40.84375,0.1109999999999971,0.935,0.0,-0.9277500000000032,0.9085624584601881,-0.09589164451596247
2024-05-23,MI,Michigan,0.45,0.515,-0.065,41.32735,40.8428,0.4845500000000058,0.935,0.0,0.3735500000000087,0.8611522556990707,-0.14948395430060632
2024-05-24,MI,Michigan,0.45,0.515,-0.065,41.4647,40.62,0.8447000000000031,0.935,0.0,0.3601499999999973,0.7924580207598289,-0.23261574528375403
2024-05-25,MI,Michigan,0.45,0.51,-0.06,41.576,40.68875,0.8872500000000016,0.94,0.005,0.0425499999999985,1.0135173415161676,0.013426797287626649
2024-05-26,MI,Michigan,0.45,0.51,-0.06,41.54705,40.6756,0.8714499999999958,0.94,0.0,-0.0158000000000058,1.1205290804647994,0.11380096703657029
2024-05-27,MI,Michigan,0.445,0.51,-0.065,41.5557,40.61185,0.9438500000000049,0.935,-0.005,0.0724000000000089,1.0115233453979386,0.01145745733751397
2024-05-28,MI,Michigan,0.445,0.51,-0.065,41.673199999999994,40.90915,0.7640499999999975,0.935,0.0,-0.1798000000000073,0.8731364598410857,-0.135663423970618
2024-05-29,MI,Michigan,0.445,0.51,-0.065,41.4299,40.807199999999995,0.6227000000000089,0.935,0.0,-0.1413499999999885,0.898505807983762,-0.10702210869064305
2024-05-30,MI,Michigan,0.45,0.51,-0.06,41.6377,40.5301,1.107600000000005,0.94,0.005,0.4848999999999961,0.8645592124010347,-0.14553548297006672
2024-05-31,MI,Michigan,0.45,0.51,-0.06,41.38635,40.78645,0.5998999999999981,0.94,0.0,-0.5077000000000069,1.1386469553859182,0.1298406762646307
2024-06-01,MI,Michigan,0.455,0.505,-0.0499999999999999,41.38715,40.82915,0.5579999999999998,0.95,0.01,-0.0418999999999982,0.9451199811468388,-0.056443395371114195
2024-06-02,MI,Michigan,0.445,0.505,-0.06,41.35105,40.8753,0.4757499999999979,0.94,-0.01,-0.0822500000000019,0.9332235620354562,-0.06911049050866576
2024-06-03,MI,Michigan,0.445,0.505,-0.06,41.4833,40.7197,0.7635999999999967,0.94,0.0,0.2878499999999988,0.8939742833652163,-0.11207827003308676
2024-06-04,MI,Michigan,0.445,0.505,-0.06,41.52675,40.7334,0.7933499999999967,0.94,0.0,0.0297499999999999,0.8886567958625158,-0.11804417440480837
2024-06-05,MI,Michigan,0.445,0.515,-0.07,41.5825,40.93455,0.6479500000000016,0.93,-0.01,-0.1453999999999951,0.9522741377205403,-0.04890232585275117
2024-06-06,MI,Michigan,0.445,0.515,-0.07,41.69414999999999,40.989450000000005,0.7046999999999883,0.93,0.0,0.0567499999999867,1.0114575795308764,0.0113924385661801
2024-06-07,MI,Michigan,0.445,0.515,-0.07,41.60955,41.06315,0.5463999999999984,0.93,0.0,-0.1582999999999899,0.9320711646136242,-0.07034611033001317
2024-06-08,MI,Michigan,0.445,0.515,-0.07,41.5637,41.0577,0.5060000000000002,0.93,0.0,-0.0403999999999982,1.1067417293999098,0.10142031973109104
2024-06-09,MI,Michigan,0.445,0.515,-0.07,41.68275,41.2825,0.4002499999999998,0.93,0.0,-0.1057500000000004,0.8760463529868184,-0.13233627507714724
2024-06-10,MI,Michigan,0.445,0.515,-0.07,41.67415,41.3257,0.3484499999999997,0.93,0.0,-0.0518,0.974727039165528,-0.025597807010586504
2024-06-11,MI,Michigan,0.445,0.515,-0.07,41.6062,41.27395,0.3322500000000019,0.93,0.0,-0.0161999999999977,0.910039278030487,-0.09426751773185775
2024-06-12,MI,Michigan,0.445,0.515,-0.07,41.7005,41.2508,0.4497,0.93,0.0,0.117449999999998,1.0279168861558243,0.02753431372146002
2024-06-13,MI,Michigan,0.445,0.515,-0.07,41.7836,41.2374,0.5461999999999989,0.93,0.0,0.0964999999999989,1.0792200874984412,0.07623863906142389
2024-06-14,MI,Michigan,0.445,0.515,-0.07,41.8354,41.352599999999995,0.4828000000000045,0.93,0.0,-0.0633999999999943,0.9919562661021769,-0.008076259259654026
2024-06-15,MI,Michigan,0.445,0.515,-0.07,41.83155,41.32735,0.5041999999999973,0.93,0.0,0.0213999999999927,1.0967610743410192,0.09236135842922709
2024-06-16,MI,Michigan,0.445,0.515,-0.07,41.9296,41.3264,0.6032000000000011,0.93,0.0,0.0990000000000037,0.9967410446130041,-0.0032642773479376716
2024-06-17,MI,Michigan,0.445,0.515,-0.07,41.74455,41.5329,0.2116499999999987,0.93,0.0,-0.3915500000000023,1.156099525129447,0.1450518609469112
2024-06-18,MI,Michigan,0.445,0.51,-0.065,41.6593,41.59035,0.0689500000000009,0.935,0.005,-0.1426999999999978,1.145096394309291,0.13548882063234863
2024-06-19,MI,Michigan,0.445,0.51,-0.065,41.738,41.6541,0.0838999999999998,0.935,0.0,0.0149499999999989,1.0183385245315482,0.01817240168211002
2024-06-20,MI,Michigan,0.445,0.51,-0.065,41.46895,41.98195,-0.5129999999999981,0.935,0.0,-0.596899999999998,1.0115970363403062,0.011530306133923019
2024-06-21,MI,Michigan,0.445,0.51,-0.065,41.51665,42.02345,-0.5067999999999984,0.935,0.0,0.0061999999999997,0.9887176209506547,-0.011346507894733718
2024-06-22,MI,Michigan,0.445,0.51,-0.065,41.5252,41.969350000000006,-0.4441500000000076,0.935,0.0,0.0626499999999907,0.957569519263345,-0.04335695558817677
2024-06-23,MI,Michigan,0.445,0.51,-0.065,41.605,42.19965,-0.5946500000000015,0.935,0.0,-0.1504999999999938,1.1555260887481706,0.14455572836419855
2024-06-24,MI,Michigan,0.445,0.51,-0.065,41.75165,42.0259,-0.2742500000000021,0.935,0.0,0.3203999999999993,1.0300125906975406,0.029571026145026935
2024-06-25,MI,Michigan,0.445,0.51,-0.065,41.739149999999995,42.05995,-0.3208000000000055,0.935,0.0,-0.0465500000000034,1.016577797811087,0.016441886141465276
2024-06-26,MI,Michigan,0.445,0.51,-0.065,41.9822,42.18935,-0.2071499999999986,0.935,0.0,0.1136500000000069,1.1985006239114266,0.1810712954690765
2024-06-27,MI,Michigan,0.45,0.515,-0.065,42.21195,41.92435,0.2876000000000047,0.935,0.0,0.4947500000000033,2.420684214275881,0.8840502333789556
2024-06-28,MI,Michigan,0.465,0.515,-0.0499999999999999,42.46125,41.66645,0.7948000000000022,0.95,0.015,0.5071999999999974,1.075762884744729,0.07303007011753067
2024-06-29,MI,Michigan,0.51,0.48,0.03,42.72715,41.1057,1.621450000000003,0.97,0.08,0.8266500000000008,0.9267203641293935,-0.07610341574219766
2024-06-30,MI,Michigan,0.515,0.47,0.045,42.9359,41.1021,1.8337999999999963,0.955,0.015,0.2123499999999936,1.0640676248870427,0.06209894612444196
2024-07-01,MI,Michigan,0.515,0.475,0.04,42.9881,41.20055,1.787550000000003,0.96,-0.005,-0.0462499999999934,1.1832133426078864,0.16823390906477123
2024-07-02,MI,Michigan,0.525,0.445,0.08,43.0147,41.0301,1.9846000000000004,0.92,0.0399999999999999,0.1970499999999972,1.020370210720791,0.02016551313219953
2024-07-03,MI,Michigan,0.555,0.415,0.14,43.158100000000005,40.653949999999995,2.50415000000001,0.8599999999999999,0.06,0.5195500000000095,1.1340184677867817,0.12576749069921514
2024-07-04,MI,Michigan,0.55,0.42,0.13,43.2122,40.605599999999995,2.6066000000000074,0.8699999999999999,-0.01,0.1024499999999974,1.1167860923834911,0.11045499985341903
2024-07-05,MI,Michigan,0.545,0.435,0.11,43.3141,40.59205,2.722050000000003,0.8899999999999999,-0.02,0.1154499999999956,0.9635906309531821,-0.03708873125134774
2024-07-06,MI,Michigan,0.545,0.435,0.11,42.382099999999994,41.86605,0.5160499999999928,0.8899999999999999,0.0,-2.20600000000001,1.2846629242895065,0.2504963682083842
2024-07-07,MI,Michigan,0.545,0.435,0.11,42.4915,41.8469,0.6446000000000041,0.8899999999999999,0.0,0.1285500000000112,1.2659250843043506,0.2358031468560213
2024-07-08,MI,Michigan,0.545,0.45,0.095,41.9945,41.3062,0.6883000000000052,0.905,-0.015,0.0437000000000011,1.1743528476032374,0.16071722787047016
2024-07-09,MI,Michigan,0.545,0.45,0.095,42.1283,41.520700000000005,0.6075999999999979,0.905,0.0,-0.0807000000000073,1.1771138807020705,0.1630655786546553
2024-07-10,MI,Michigan,0.525,0.455,0.07,42.18945,41.646249999999995,0.5432000000000059,0.93,-0.025,-0.064399999999992,1.1386684973831236,0.1298595950289853
2024-07-11,MI,Michigan,0.52,0.455,0.065,42.3095,41.788,0.5215000000000032,0.935,-0.005,-0.0217000000000027,1.2147667618968339,0.1945520928477644
2024-07-12,MI,Michigan,0.52,0.455,0.065,42.2355,42.0066,0.228900000000003,0.935,0.0,-0.2926000000000002,1.0829233401916691,0.07966418083360065
2024-07-13,MI,Michigan,0.52,0.455,0.065,42.27485,42.0867,0.1881500000000002,0.935,0.0,-0.0407500000000027,3.041685298062312,1.1124117361720345
2024-07-14,MI,Michigan,0.57,0.415,0.1549999999999999,42.369150000000005,42.057,0.3121500000000026,0.845,0.0899999999999999,0.1240000000000023,0.9969698072144076,-0.003034793115359161
2024-07-15,MI,Michigan,0.6,0.39,0.2099999999999999,42.2914,41.4816,0.8098000000000027,0.79,0.0549999999999999,0.4976500000000001,1.3653521940318838,0.3114124129618808
2024-07-16,MI,Michigan,0.645,0.37,0.275,42.28935,41.6401,0.6492500000000021,0.725,0.065,-0.1605500000000006,1.1356403972822064,0.12719671849769953
2024-07-17,MI,Michigan,0.61,0.385,0.2249999999999999,42.32425,41.6408,0.6834500000000006,0.775,-0.05,0.0341999999999984,1.0207140937542865,0.02050247426211978
2024-07-18,MI,Michigan,0.595,0.395,0.1999999999999999,43.3827,41.21805,2.1646500000000017,0.8,-0.025,1.4812000000000012,1.0696853465631848,0.0673645365946184
2024-07-19,MI,Michigan,0.505,0.435,0.07,43.6859,41.47645,2.209449999999997,0.93,-0.1299999999999999,0.044799999999995,1.2847873948327935,0.2505932531665856
2024-07-20,MI,Michigan,0.575,0.425,0.1499999999999999,43.6639,41.512,2.1518999999999977,0.8500000000000001,0.0799999999999999,-0.0575499999999991,1.247597501410931,0.22121970303303493
2024-07-21,MI,Michigan,0.535,0.44,0.095,43.812349999999995,41.36505,2.4472999999999985,0.905,-0.0549999999999999,0.2954000000000008,3.1792838125744898,1.1566559552555709
2024-07-22,MI,Michigan,0.545,0.455,0.09,43.812349999999995,41.36505,2.4472999999999985,0.91,-0.005,0.0,1.3293702771386677,0.28470535427299704
2024-07-23,MI,Michigan,0.53,0.465,0.065,43.812349999999995,41.36505,2.4472999999999985,0.935,-0.025,0.0,1.141330392786059,0.13219459319398316
2024-07-24,MI,Michigan,0.515,0.475,0.04,43.812349999999995,41.36505,2.4472999999999985,0.96,-0.0249999999999999,0.0,1.3484936670606043,0.29898816730230726
2024-07-25,MI,Michigan,0.5,0.495,0.005,43.812349999999995,41.36505,2.4472999999999985,0.995,-0.035,0.0,1.078061517454585,0.07516453714298851
2024-07-26,MI,Michigan,0.505,0.495,0.01,44.1669,43.3151,0.8517999999999972,0.99,0.005,-1.5955000000000013,1.299385975434955,0.26189182629765523
2024-07-27,MI,Michigan,0.485,0.515,-0.03,44.1254,43.27395,0.8514499999999998,0.97,-0.04,-0.0003499999999974,1.226785846558415,0.20439761631369063
2024-07-28,MI,Michigan,0.485,0.515,-0.03,44.1372,43.392300000000006,0.7448999999999941,0.97,0.0,-0.1065500000000057,1.3531528763604934,0.30243733346384954
2024-07-29,MI,Michigan,0.485,0.515,-0.03,44.2284,43.45455,0.773850000000003,0.97,0.0,0.0289500000000089,1.393013767743972,0.3314695782692663
2024-07-30,MI,Michigan,0.495,0.51,-0.015,42.90475,44.6022,-1.6974500000000037,0.985,0.015,-2.4713000000000065,1.083007713071161,0.07974208994285646
2024-07-31,MI,Michigan,0.51,0.495,0.015,42.90205,44.78385,-1.8817999999999984,0.985,0.03,-0.1843499999999949,1.2823000013374846,0.2486553415259687
2024-08-01,MI,Michigan,0.485,0.515,-0.03,43.0334,44.7242,-1.690800000000003,0.97,-0.045,0.1909999999999954,1.4342470176101596,0.36063998509043693
2024-08-02,MI,Michigan,0.455,0.54,-0.085,42.9919,44.88845,-1.8965499999999975,0.915,-0.0549999999999999,-0.2057499999999947,1.1643913725466457,0.1521985235065448
2024-08-03,MI,Michigan,0.43,0.55,-0.12,43.0364,44.8157,-1.7792999999999992,0.8799999999999999,-0.035,0.1172499999999985,1.2358738586143672,0.2117782976901737
2024-08-04,MI,Michigan,0.435,0.55,-0.115,43.15315,45.1228,-1.9696500000000017,0.885,0.005,-0.1903500000000022,1.3590259351061107,0.30676821895019984
2024-08-05,MI,Michigan,0.425,0.565,-0.1399999999999999,43.07785,45.25555,-2.1777000000000015,0.8600000000000001,-0.0249999999999999,-0.20805,1.2299535177335408,0.20697637820971274
2024-08-06,MI,Michigan,0.435,0.545,-0.11,42.9452,44.54415,-1.598950000000002,0.8899999999999999,0.0299999999999999,0.5787499999999994,1.2751201310881213,0.24304039463319219
2024-08-07,MI,Michigan,0.385,0.59,-0.2049999999999999,43.052400000000006,44.709599999999995,-1.657199999999989,0.795,-0.0949999999999999,-0.0582499999999868,1.147629037138979,0.1376981072962379
2024-08-08,MI,Michigan,0.385,0.61,-0.2249999999999999,42.82225,44.82425,-2.0020000000000024,0.775,-0.02,-0.3448000000000135,1.4420744535917973,0.36608266970170544
2024-08-09,MI,Michigan,0.38,0.62,-0.24,42.88475,44.8816,-1.996850000000002,0.76,-0.015,0.0051500000000004,1.4910726436804016,0.3994957560447116
2024-08-10,MI,Michigan,0.375,0.615,-0.24,43.08425,45.96645,-2.8822000000000045,0.76,0.0,-0.8853500000000025,1.2868821787194196,0.2522223771967283
2024-08-11,MI,Michigan,0.375,0.615,-0.24,43.1225,45.8942,-2.7716999999999956,0.76,0.0,0.1105000000000089,1.2238359467458957,0.20199014467089302
2024-08-12,MI,Michigan,0.365,0.635,-0.27,42.76775,46.14195,-3.374200000000002,0.73,-0.03,-0.6025000000000063,1.2898302996698567,0.254510659076514
2024-08-13,MI,Michigan,0.355,0.645,-0.29,42.81335,46.2187,-3.4053499999999985,0.71,-0.02,-0.0311499999999966,1.348076556017823,0.29867880317558204
2024-08-14,MI,Michigan,0.345,0.655,-0.31,42.8702,46.28765,-3.4174500000000023,0.69,-0.02,-0.0121000000000037,1.2569030172552178,0.22865077249889443
2024-08-15,MI,Michigan,0.335,0.665,-0.33,43.122,46.03565,-2.913649999999997,0.6699999999999999,-0.0199999999999999,0.5038000000000054,1.4666618929462254,0.3829889974414171
2024-08-16,MI,Michigan,0.355,0.645,-0.29,43.31305,45.9126,-2.5995500000000007,0.71,0.0399999999999999,0.3140999999999962,1.2490044372875406,0.22234678380930015
2024-08-17,MI,Michigan,0.355,0.645,-0.29,43.315,45.83555,-2.52055,0.71,0.0,0.0790000000000006,1.3845662037797903,0.3253868803114222
2024-08-18,MI,Michigan,0.355,0.645,-0.29,43.4283,45.9969,-2.5685999999999964,0.71,0.0,-0.0480499999999963,1.2317957377412065,0.20847305407745662
2024-08-19,MI,Michigan,0.365,0.635,-0.27,43.56985,46.6122,-3.042349999999999,0.73,0.02,-0.4737500000000025,1.3335669694643177,0.2878572841995444
2024-08-20,MI,Michigan,0.355,0.635,-0.28,43.5905,46.407300000000006,-2.8168000000000077,0.72,-0.01,0.2255499999999912,1.2360399257514711,0.21191266090170977
2024-08-21,MI,Michigan,0.365,0.63,-0.265,43.43875,46.7539,-3.3151500000000027,0.735,0.015,-0.4983499999999949,1.5310344251511545,0.42594360182520613
2024-08-22,MI,Michigan,0.395,0.605,-0.2099999999999999,43.48125,46.86125,-3.3799999999999955,0.79,0.055,-0.0648499999999927,1.3522996602624304,0.3018065952677071
2024-08-23,MI,Michigan,0.385,0.615,-0.2299999999999999,43.5072,46.92565,-3.41845,0.77,-0.02,-0.0384500000000045,1.3089575262464128,0.2692310389196
2024-08-24,MI,Michigan,0.385,0.615,-0.2299999999999999,43.4654,46.8251,-3.3596999999999966,0.77,0.0,0.0587500000000034,1.3062768374908529,0.26718098196747214
2024-08-25,MI,Michigan,0.385,0.615,-0.2299999999999999,43.4955,46.8354,-3.3399,0.77,0.0,0.0197999999999964,1.2807600744268193,0.24745370984318404
2024-08-26,MI,Michigan,0.385,0.615,-0.2299999999999999,43.75320000000001,46.6986,-2.945399999999992,0.77,0.0,0.3945000000000078,1.4380514679507663,0.3632890500010349
2024-08-27,MI,Michigan,0.385,0.615,-0.2299999999999999,43.6584,46.61785,-2.959449999999997,0.77,0.0,-0.0140500000000045,1.327105265090796,0.2830000778187274
2024-08-28,MI,Michigan,0.385,0.615,-0.2299999999999999,43.7338,46.73005,-2.9962499999999963,0.77,0.0,-0.0367999999999995,1.2568267929407382,0.22859012611264098
2024-08-29,MI,Michigan,0.385,0.615,-0.2299999999999999,43.9729,46.95485,-2.9819499999999977,0.77,0.0,0.0142999999999986,1.524645765631689,0.4217620982453956
2024-08-30,MI,Michigan,0.395,0.605,-0.2099999999999999,44.06685,46.67385,-2.6069999999999993,0.79,0.02,0.3749499999999983,1.4098691638377643,0.34349690848024717
2024-08-31,MI,Michigan,0.395,0.605,-0.2099999999999999,44.13315,46.5509,-2.417749999999998,0.79,0.0,0.1892500000000012,1.5283803913448089,0.42420860697730167
2024-09-01,MI,Michigan,0.395,0.605,-0.2099999999999999,44.1417,46.51375,-2.3720500000000015,0.79,0.0,0.0456999999999965,1.2860334313777897,0.2515626218832732
2024-09-02,MI,Michigan,0.395,0.605,-0.2099999999999999,44.1772,46.5649,-2.3877000000000024,0.79,0.0,-0.0156500000000008,1.338020364277091,0.2911911815282497
2024-09-03,MI,Michigan,0.405,0.595,-0.1899999999999999,44.29035,46.3519,-2.061550000000004,0.81,0.02,0.3261499999999984,1.5679058056977857,0.449740847226947
2024-09-04,MI,Michigan,0.405,0.595,-0.1899999999999999,44.2191,46.4789,-2.2598000000000056,0.81,0.0,-0.1982500000000016,1.3143950134560984,0.27337649395412844
2024-09-05,MI,Michigan,0.41,0.585,-0.175,44.49215,46.52285,-2.030699999999996,0.825,0.0149999999999999,0.2291000000000096,1.4621675303620538,0.3799199446135973
2024-09-06,MI,Michigan,0.435,0.56,-0.125,44.5504,46.5625,-2.0120999999999967,0.875,0.0499999999999999,0.0185999999999992,1.3609579253625317,0.30818880868928494
2024-09-07,MI,Michigan,0.47,0.525,-0.055,44.5072,46.56245,-2.055250000000001,0.945,0.07,-0.0431500000000042,1.4033883084160619,0.33888953290214857
2024-09-08,MI,Michigan,0.445,0.555,-0.11,44.82925,46.7481,-1.918849999999999,0.8899999999999999,-0.0549999999999999,0.1364000000000018,1.4601848156659936,0.3785630137815026
2024-09-09,MI,Michigan,0.44,0.555,-0.115,44.87675,46.8443,-1.9675499999999957,0.885,-0.005,-0.0486999999999966,1.6213131168887986,0.4832363868938388
2024-09-10,MI,Michigan,0.445,0.555,-0.11,44.840599999999995,46.70725,-1.866650000000007,0.8899999999999999,0.005,0.1008999999999886,4.013341593767503,1.389624209458164
2024-09-11,MI,Michigan,0.44,0.555,-0.115,44.84375,46.67265,-1.8288999999999973,0.885,-0.005,0.0377500000000097,1.642387405855249,0.4961509185582918
2024-09-12,MI,Michigan,0.425,0.575,-0.1499999999999999,44.953100000000006,46.6559,-1.7027999999999963,0.8500000000000001,-0.0349999999999999,0.126100000000001,1.5237935973923926,0.4212030133104417
2024-09-13,MI,Michigan,0.405,0.59,-0.1849999999999999,44.953100000000006,46.6559,-1.7027999999999963,0.8150000000000001,-0.0349999999999999,0.0,1.5559746842823294,0.44210215588241264
2024-09-14,MI,Michigan,0.405,0.595,-0.1899999999999999,44.953100000000006,46.6559,-1.7027999999999963,0.81,-0.005,0.0,1.5620413324005864,0.4459935122713633
2024-09-15,MI,Michigan,0.405,0.595,-0.1899999999999999,44.953100000000006,46.6559,-1.7027999999999963,0.81,0.0,0.0,1.501245844167392,0.4062953261600261
2024-09-16,MI,Michigan,0.405,0.595,-0.1899999999999999,44.953100000000006,46.6559,-1.7027999999999963,0.81,0.0,0.0,1.7400027947939924,0.5538867194285917
2024-09-17,MI,Michigan,0.405,0.585,-0.1799999999999999,44.953100000000006,46.6559,-1.7027999999999963,0.8200000000000001,0.01,0.0,1.6161794234386389,0.4800649832911943
2024-09-18,MI,Michigan,0.405,0.585,-0.1799999999999999,44.953100000000006,46.6559,-1.7027999999999963,0.8200000000000001,0.0,0.0,1.5022863731083431,0.40698819635904937
2024-09-19,MI,Michigan,0.395,0.595,-0.1999999999999999,44.953100000000006,46.6559,-1.7027999999999963,0.8,-0.02,0.0,1.3748736122069094,0.3183618084988051
2024-09-20,MI,Michigan,0.355,0.645,-0.29,44.953100000000006,46.6559,-1.7027999999999963,0.71,-0.09,0.0,1.555781753912693,0.44197815493714876
2024-09-21,MI,Michigan,0.35,0.65,-0.3,44.953100000000006,46.6559,-1.7027999999999963,0.7,-0.01,0.0,1.4468387672246406,0.36938101588794225
2024-09-22,MI,Michigan,0.345,0.65,-0.305,44.953100000000006,46.6559,-1.7027999999999963,0.695,-0.005,0.0,1.5378081358944358,0.4303581142082921
2024-09-23,MI,Michigan,0.345,0.655,-0.31,44.953100000000006,46.6559,-1.7027999999999963,0.69,-0.005,0.0,1.5115739712979632,0.4131514730395468
2024-09-24,MI,Michigan,0.325,0.665,-0.34,44.953100000000006,46.6559,-1.7027999999999963,0.6599999999999999,-0.0299999999999999,0.0,1.4515724853290015,0.37264744145751655
2024-09-25,MI,Michigan,0.325,0.675,-0.35,44.953100000000006,46.6559,-1.7027999999999963,0.6499999999999999,-0.01,0.0,1.6376148202366574,0.4932408052975248
2024-09-26,MI,Michigan,0.335,0.655,-0.32,44.953100000000006,46.6559,-1.7027999999999963,0.6799999999999999,0.03,0.0,1.3700620313942118,0.3148560172049338
2024-09-27,MI,Michigan,0.335,0.66,-0.325,44.953100000000006,46.6559,-1.7027999999999963,0.675,-0.005,0.0,1.4231272086453508,0.35285670980328865
2024-09-28,MI,Michigan,0.325,0.675,-0.35,44.953100000000006,46.6559,-1.7027999999999963,0.6499999999999999,-0.025,0.0,1.3130664161167585,0.27236517752708395
2024-09-29,MI,Michigan,0.335,0.665,-0.33,44.953100000000006,46.6559,-1.7027999999999963,0.6699999999999999,0.02,0.0,1.7647951612879,0.5680346277227144
2024-09-30,MI,Michigan,0.345,0.65,-0.305,44.953100000000006,46.6559,-1.7027999999999963,0.695,0.0249999999999999,0.0,1.6854408659175844,0.5220271710762738
2024-10-01,MI,Michigan,0.355,0.645,-0.29,44.953100000000006,46.6559,-1.7027999999999963,0.71,0.015,0.0,1.4825276613279812,0.3937485102842959
2024-10-02,MI,Michigan,0.35,0.645,-0.295,44.953100000000006,46.6559,-1.7027999999999963,0.705,-0.005,0.0,1.744060959729439,0.5562162788492142
2024-10-03,MI,Michigan,0.365,0.635,-0.27,44.953100000000006,46.6559,-1.7027999999999963,0.73,0.025,0.0,1.4592325932118613,0.37791067644529003
2024-10-04,MI,Michigan,0.415,0.585,-0.1699999999999999,44.953100000000006,46.6559,-1.7027999999999963,0.8300000000000001,0.1,0.0,1.8439181046768194,0.611892712367703
2024-10-05,MI,Michigan,0.44,0.555,-0.115,44.953100000000006,46.6559,-1.7027999999999963,0.885,0.0549999999999999,0.0,5.43777928399612,1.6933707576697896
2024-10-06,MI,Michigan,0.475,0.525,-0.05,44.953100000000006,46.6559,-1.7027999999999963,0.95,0.065,0.0,5.334736845236967,1.6742395574334832
2024-10-07,MI,Michigan,0.455,0.545,-0.09,44.953100000000006,46.6559,-1.7027999999999963,0.91,-0.0399999999999999,0.0,4.633089683970934,1.5332239638925105
2024-10-08,MI,Michigan,0.475,0.525,-0.05,44.953100000000006,46.6559,-1.7027999999999963,0.95,0.0399999999999999,0.0,5.745401929492852,1.748399870471074
2024-10-09,MI,Michigan,0.465,0.535,-0.07,44.953100000000006,46.6559,-1.7027999999999963,0.93,-0.0199999999999999,0.0,5.534997576256745,1.7110911282665107
2024-10-10,MI,Michigan,0.5,0.495,0.005,44.953100000000006,46.6559,-1.7027999999999963,0.995,0.075,0.0,4.99789207283498,1.6090162381089732
2024-10-11,MI,Michigan,0.515,0.485,0.03,44.953100000000006,46.6559,-1.7027999999999963,0.97,0.025,0.0,5.602965527747824,1.7232960161008664
2024-10-12,MI,Michigan,0.505,0.495,0.01,44.953100000000006,46.6559,-1.7027999999999963,0.99,-0.02,0.0,4.94428253300154,1.5982318651652887
2024-10-13,MI,Michigan,0.505,0.495,0.01,44.953100000000006,46.6559,-1.7027999999999963,0.99,0.0,0.0,5.790424765407685,1.7562056507952057
2024-10-14,MI,Michigan,0.505,0.495,0.01,44.953100000000006,46.6559,-1.7027999999999963,0.99,0.0,0.0,4.822133065981977,1.5732163749779742
2024-10-15,MI,Michigan,0.515,0.485,0.03,44.953100000000006,46.6559,-1.7027999999999963,0.97,0.02,0.0,5.639321023327574,1.729763672328172
2024-10-16,MI,Michigan,0.535,0.465,0.07,44.953100000000006,46.6559,-1.7027999999999963,0.93,0.0399999999999999,0.0,5.412756589155386,1.6887584989773003
2024-10-17,MI,Michigan,0.555,0.445,0.11,44.953100000000006,46.6559,-1.7027999999999963,0.8899999999999999,0.04,0.0,4.945726950300623,1.5985239614088347
2024-10-18,MI,Michigan,0.555,0.445,0.11,44.953100000000006,46.6559,-1.7027999999999963,0.8899999999999999,0.0,0.0,5.100300431351028,1.6292994461033103
2024-10-19,MI,Michigan,0.55,0.445,0.105,44.953100000000006,46.6559,-1.7027999999999963,0.895,-0.005,0.0,4.811260459303265,1.5709590995398295
2024-10-20,MI,Michigan,0.545,0.445,0.1,44.953100000000006,46.6559,-1.7027999999999963,0.8999999999999999,-0.005,0.0,5.305760794497814,1.6687931726220144
2024-10-21,MI,Michigan,0.56,0.445,0.115,44.953100000000006,46.6559,-1.7027999999999963,0.885,0.015,0.0,5.1571849711592685,1.6403908824029458
2024-10-22,MI,Michigan,0.565,0.43,0.1349999999999999,44.953100000000006,46.6559,-1.7027999999999963,0.865,0.0199999999999999,0.0,5.489408841763934,1.7028205706278066
2024-10-23,MI,Michigan,0.59,0.415,0.175,44.953100000000006,46.6559,-1.7027999999999963,0.825,0.04,0.0,5.321983343415812,1.671846042790324
2024-10-24,MI,Michigan,0.555,0.445,0.11,44.953100000000006,46.6559,-1.7027999999999963,0.8899999999999999,-0.0649999999999999,0.0,5.246265930532674,1.657516572217198
2024-10-25,MI,Michigan,0.54,0.465,0.075,44.953100000000006,46.6559,-1.7027999999999963,0.925,-0.035,0.0,5.679362017114593,1.7368389054940625
2024-10-26,MI,Michigan,0.535,0.465,0.07,44.953100000000006,46.6559,-1.7027999999999963,0.93,-0.005,0.0,5.144685949927551,1.6379643275644142
2024-10-27,MI,Michigan,0.54,0.465,0.075,44.953100000000006,46.6559,-1.7027999999999963,0.925,0.005,0.0,6.1123361668262,1.8103090514685656
2024-10-28,MI,Michigan,0.525,0.475,0.05,44.953100000000006,46.6559,-1.7027999999999963,0.95,-0.0249999999999999,0.0,6.089088370462239,1.8064983776533674
2024-10-29,MI,Michigan,0.545,0.455,0.09,44.953100000000006,46.6559,-1.7027999999999963,0.91,0.0399999999999999,0.0,5.917882818586097,1.7779787529347493
2024-10-30,MI,Michigan,0.52,0.475,0.045,44.953100000000006,46.6559,-1.7027999999999963,0.955,-0.0449999999999999,0.0,5.653465335686624,1.7322686908959224
2024-10-31,MI,Michigan,0.49,0.51,-0.02,44.953100000000006,46.6559,-1.7027999999999963,0.98,-0.065,0.0,6.066015039301064,1.8027018885414339
2024-11-01,MI,Michigan,0.465,0.535,-0.07,44.953100000000006,46.6559,-1.7027999999999963,0.93,-0.0499999999999999,0.0,5.372160471590125,1.6812301500670561
2024-11-02,MI,Michigan,0.415,0.585,-0.1699999999999999,44.953100000000006,46.6559,-1.7027999999999963,0.8300000000000001,-0.0999999999999999,0.0,5.256145376836017,1.6593979400151764
2024-11-03,MI,Michigan,0.36,0.645,-0.285,44.953100000000006,46.6559,-1.7027999999999963,0.715,-0.115,0.0,5.337430337031013,1.6747443268594553
2024-11-04,MI,Michigan,0.405,0.595,-0.1899999999999999,44.953100000000006,46.6559,-1.7027999999999963,0.81,0.095,0.0,6.153500110542097,1.8170210435943552
2024-11-05,MI,Michigan,0.385,0.605,-0.2199999999999999,44.953100000000006,46.6559,-1.7027999999999963,0.78,-0.03,0.0,5.161107625449853,1.641151212553081
2024-11-06,MI,Michigan,0.385,0.615,-0.2299999999999999,44.953100000000006,46.6559,-1.7027999999999963,0.77,-0.01,0.0,5.806726502682421,1.7590169874131
2024-11-07,MI,Michigan,0.9995,0.0005,0.999,44.953100000000006,46.6559,-1.7027999999999963,0.0009999999999998,1.229,0.0,6.278126181944347,1.8370715572850524
2024-03-09,NC,North Carolina,0.45,0.5,-0.0499999999999999,46.08595,37.32055,8.7654,0.95,,,0.29076302737371457,-1.2352466824866466
2024-03-10,NC,North Carolina,0.695,0.295,0.3999999999999999,45.938100000000006,37.296850000000006,8.64125,0.6000000000000001,0.4499999999999999,-0.1241500000000002,0.26307399094995626,-1.3353199519609968
2024-03-11,NC,North Carolina,0.705,0.295,0.41,45.962950000000006,37.4172,8.545750000000005,0.5900000000000001,0.01,-0.0954999999999941,0.2760263733991744,-1.287258862036041
2024-03-12,NC,North Carolina,0.705,0.295,0.41,45.63535,38.2397,7.395650000000003,0.5900000000000001,0.0,-1.150100000000002,0.29749292668741084,-1.2123648301197383
2024-03-13,NC,North Carolina,0.705,0.295,0.41,45.7983,38.3081,7.490199999999994,0.5900000000000001,0.0,0.094549999999991,0.24479755754886195,-1.4073237057268202
2024-03-14,NC,North Carolina,0.705,0.295,0.41,46.20305,38.281,7.922049999999999,0.5900000000000001,0.0,0.4318500000000043,0.2354356322302757,-1.4463177267483875
2024-03-15,NC,North Carolina,0.705,0.295,0.41,46.0877,38.2033,7.884399999999999,0.5900000000000001,0.0,-0.0376499999999992,0.28957318768463697,-1.2393472067186242
2024-03-16,NC,North Carolina,0.705,0.295,0.41,46.09855,38.19305,7.9055000000000035,0.5900000000000001,0.0,0.0211000000000041,0.3359445583465863,-1.0908091375546165
2024-03-17,NC,North Carolina,0.705,0.295,0.41,46.24355,38.4441,7.79945,0.5900000000000001,0.0,-0.1060500000000033,0.25380265058821555,-1.3711982801463936
2024-03-18,NC,North Carolina,0.705,0.295,0.41,46.063,38.44585,7.617150000000002,0.5900000000000001,0.0,-0.1822999999999979,0.2849001142469777,-1.2556166364710621
2024-03-19,NC,North Carolina,0.705,0.295,0.41,45.9694,38.7312,7.238199999999999,0.5900000000000001,0.0,-0.3789500000000032,0.29003534428147165,-1.2377524865953342
2024-03-20,NC,North Carolina,0.705,0.295,0.41,45.79845,39.503,6.295450000000002,0.5900000000000001,0.0,-0.9427499999999966,0.3217974718613859,-1.1338329006965235
2024-03-21,NC,North Carolina,0.705,0.295,0.41,45.92105,39.6367,6.284350000000003,0.5900000000000001,0.0,-0.011099999999999,0.2510028415495774,-1.3822910189997832
2024-03-22,NC,North Carolina,0.705,0.295,0.41,46.03505,39.449,6.58605,0.5900000000000001,0.0,0.3016999999999967,0.2567431527976304,-1.3596790992822305
2024-03-23,NC,North Carolina,0.705,0.295,0.41,45.94415,39.54215,6.402000000000001,0.5900000000000001,0.0,-0.1840499999999991,0.32255090617891347,-1.131494306586306
2024-03-24,NC,North Carolina,0.705,0.295,0.41,45.92725,39.5172,6.410049999999998,0.5900000000000001,0.0,0.0080499999999972,0.26741127668197345,-1.3189674436179504
2024-03-25,NC,North Carolina,0.705,0.295,0.41,45.69035,40.02415,5.6662000000000035,0.5900000000000001,0.0,-0.7438499999999948,0.33979213568888617,-1.0794212139530188
2024-03-26,NC,North Carolina,0.705,0.295,0.41,45.6258,39.99095,5.63485,0.5900000000000001,0.0,-0.0313500000000033,0.28573322870754714,-1.2526966702167324
2024-03-27,NC,North Carolina,0.705,0.295,0.41,45.97645,39.7191,6.257350000000002,0.5900000000000001,0.0,0.6225000000000023,0.2878241508503019,-1.2454055726558866
2024-03-28,NC,North Carolina,0.705,0.295,0.41,45.98255,39.6893,6.2932500000000005,0.5900000000000001,0.0,0.035899999999998,0.2801804279184976,-1.2723214979168216
2024-03-29,NC,North Carolina,0.705,0.295,0.41,46.27175,39.69414999999999,6.577600000000004,0.5900000000000001,0.0,0.2843500000000034,0.3423048593758502,-1.0720535372982964
2024-03-30,NC,North Carolina,0.705,0.295,0.41,46.1917,39.7835,6.408200000000001,0.5900000000000001,0.0,-0.1694000000000031,0.359784765396707,-1.0222493002278856
2024-03-31,NC,North Carolina,0.705,0.295,0.41,46.137150000000005,39.73345,6.403700000000008,0.5900000000000001,0.0,-0.004499999999993,0.355758866688709,-1.0335021183910524
2024-04-01,NC,North Carolina,0.705,0.295,0.41,46.165400000000005,39.81305,6.352350000000008,0.5900000000000001,0.0,-0.0513499999999993,0.31771458983172335,-1.1466018154632702
2024-04-02,NC,North Carolina,0.705,0.295,0.41,45.83725,39.46965,6.367599999999996,0.5900000000000001,0.0,0.0152499999999875,0.31764477272166947,-1.1468215874992227
2024-04-03,NC,North Carolina,0.705,0.295,0.41,45.86935,39.86715,6.002199999999995,0.5900000000000001,0.0,-0.365400000000001,0.28880967800377144,-1.2419873614315586
2024-04-04,NC,North Carolina,0.705,0.295,0.41,45.7339,39.99135,5.742550000000001,0.5900000000000001,0.0,-0.2596499999999935,0.2751810783649754,-1.2903259312279696
2024-04-05,NC,North Carolina,0.705,0.295,0.41,45.74795,40.0006,5.747350000000004,0.5900000000000001,0.0,0.004800000000003,0.3552593174474446,-1.0349072844883658
2024-04-06,NC,North Carolina,0.705,0.295,0.41,45.7554,39.88345,5.871949999999998,0.5900000000000001,0.0,0.1245999999999938,0.2717337634719126,-1.3029325027992433
2024-04-07,NC,North Carolina,0.695,0.285,0.41,45.68995,39.8939,5.796050000000001,0.5900000000000001,0.0,-0.0758999999999971,0.29009434119227256,-1.2375490944487795
2024-04-08,NC,North Carolina,0.695,0.285,0.41,45.580749999999995,39.82585,5.754899999999992,0.5900000000000001,0.0,-0.0411500000000089,0.32254648262716035,-1.1315080209551127
2024-04-09,NC,North Carolina,0.695,0.285,0.41,45.544799999999995,39.88015,5.664649999999995,0.5900000000000001,0.0,-0.0902499999999975,0.28396675365731017,-1.2588981122604606
2024-04-10,NC,North Carolina,0.695,0.285,0.41,45.2817,40.07865,5.2030499999999975,0.5900000000000001,0.0,-0.4615999999999971,0.3105841740033133,-1.169300322549235
2024-04-11,NC,North Carolina,0.695,0.275,0.4199999999999999,45.15725,39.766850000000005,5.3903999999999925,0.5800000000000001,0.0099999999999999,0.187349999999995,0.34028578143219573,-1.0779694807983915
2024-04-12,NC,North Carolina,0.695,0.275,0.4199999999999999,45.13825,39.7257,5.412549999999996,0.5800000000000001,0.0,0.0221500000000034,0.33313465522340635,-1.0992085006969652
2024-04-13,NC,North Carolina,0.685,0.275,0.41,45.12045,39.7787,5.3417499999999976,0.59,-0.0099999999999998,-0.0707999999999984,0.3432446941495719,-1.069311692138679
2024-04-14,NC,North Carolina,0.685,0.275,0.41,45.0583,39.81515,5.24315,0.59,0.0,-0.0985999999999975,0.3509918580416623,-1.046992252247814
2024-04-15,NC,North Carolina,0.685,0.275,0.41,45.04635,39.81405,5.232299999999995,0.59,0.0,-0.0108500000000049,0.3118866575468958,-1.1651154342670456
2024-04-16,NC,North Carolina,0.695,0.275,0.4199999999999999,44.68705,39.7078,4.97925,0.5800000000000001,0.0099999999999998,-0.2530499999999946,0.31194491056202855,-1.1649286754741917
2024-04-17,NC,North Carolina,0.695,0.275,0.4199999999999999,44.822,39.543099999999995,5.278900000000007,0.5800000000000001,0.0,0.2996500000000068,0.2980848487716299,-1.2103771055823156
2024-04-18,NC,North Carolina,0.695,0.275,0.4199999999999999,44.9069,39.8357,5.0711999999999975,0.5800000000000001,0.0,-0.2077000000000097,0.3262684563057921,-1.1200347508930792
2024-04-19,NC,North Carolina,0.695,0.275,0.4199999999999999,45.0828,39.84165,5.2411499999999975,0.5800000000000001,0.0,0.16995,0.30508711952664225,-1.1871579053691632
2024-04-20,NC,North Carolina,0.695,0.275,0.4199999999999999,44.983149999999995,39.6496,5.333549999999995,0.5800000000000001,0.0,0.0923999999999978,0.3921264108545714,-0.9361710145062753
2024-04-21,NC,North Carolina,0.695,0.275,0.4199999999999999,44.82015,39.5322,5.287949999999995,0.5800000000000001,0.0,-0.0456000000000003,0.3260152450393917,-1.1208111347843133
2024-04-22,NC,North Carolina,0.695,0.275,0.4199999999999999,44.27365,39.8481,4.425550000000001,0.5800000000000001,0.0,-0.8623999999999938,0.3527183265419762,-1.0420854823812913
2024-04-23,NC,North Carolina,0.695,0.275,0.4199999999999999,44.27465,39.8898,4.38485,0.5800000000000001,0.0,-0.040700000000001,0.3225679973317588,-1.1314413205313127
2024-04-24,NC,North Carolina,0.695,0.275,0.4199999999999999,45.0369,39.7591,5.277800000000006,0.5800000000000001,0.0,0.8929500000000061,0.3375158130999549,-1.0861429161376537
2024-04-25,NC,North Carolina,0.695,0.275,0.4199999999999999,44.88095,39.7054,5.175550000000001,0.5800000000000001,0.0,-0.102250000000005,0.38293984788740526,-0.9598773572602068
2024-04-26,NC,North Carolina,0.7,0.275,0.4249999999999999,45.088350000000005,39.661,5.427350000000004,0.5750000000000001,0.005,0.2518000000000029,0.3603150650440049,-1.0207764496015004
2024-04-27,NC,North Carolina,0.7,0.275,0.4249999999999999,45.12505,39.7238,5.4012500000000045,0.5750000000000001,0.0,-0.0260999999999995,0.3199879463538547,-1.1394719515420124
2024-04-28,NC,North Carolina,0.705,0.275,0.4299999999999999,45.24185,39.64335,5.598500000000001,0.5700000000000001,0.005,0.1972499999999968,0.35779869128406455,-1.0277847655887058
2024-04-29,NC,North Carolina,0.705,0.275,0.4299999999999999,45.40185,39.61525,5.7866,0.5700000000000001,0.0,0.1880999999999986,0.32340385276399874,-1.1288534186015011
2024-04-30,NC,North Carolina,0.7,0.275,0.4249999999999999,45.46975,39.07055,6.3992,0.5750000000000001,-0.005,0.6126000000000005,0.38049722132981567,-0.9662764043882289
2024-05-01,NC,North Carolina,0.7,0.275,0.4249999999999999,45.5066,39.102050000000006,6.404549999999993,0.5750000000000001,0.0,0.0053499999999928,0.3582981788383091,-1.026389737468659
2024-05-02,NC,North Carolina,0.71,0.275,0.4349999999999999,45.4897,39.1379,6.351799999999997,0.5650000000000001,0.01,-0.052749999999996,0.32923193755750435,-1.1109927992181565
2024-05-03,NC,North Carolina,0.71,0.275,0.4349999999999999,45.653499999999994,39.06275,6.590749999999993,0.5650000000000001,0.0,0.2389499999999955,0.30643974326405893,-1.182734139135529
2024-05-04,NC,North Carolina,0.71,0.275,0.4349999999999999,45.59255,39.06195,6.5306,0.5650000000000001,0.0,-0.060149999999993,0.36502831776117445,-1.0077803455017165
2024-05-05,NC,North Carolina,0.705,0.275,0.4299999999999999,45.677,39.0059,6.671100000000003,0.5700000000000001,-0.005,0.1405000000000029,0.3799652311222925,-0.9676755274944143
2024-05-06,NC,North Carolina,0.705,0.275,0.4299999999999999,45.456050000000005,38.97425,6.481800000000007,0.5700000000000001,0.0,-0.1892999999999958,0.38690496993399853,-0.9495761718322009
2024-05-07,NC,North Carolina,0.7,0.28,0.4199999999999999,45.4142,38.9772,6.436999999999998,0.5800000000000001,-0.01,-0.0448000000000092,0.3338308299024648,-1.0971209116165312
2024-05-08,NC,North Carolina,0.7,0.28,0.4199999999999999,45.389700000000005,39.23265,6.157050000000005,0.5800000000000001,0.0,-0.2799499999999923,0.36663943247826025,-1.003376386681604
2024-05-09,NC,North Carolina,0.705,0.275,0.4299999999999999,45.17485,39.075050000000005,6.099799999999995,0.5700000000000001,0.01,-0.0572500000000104,0.4037763411046023,-0.9068941654474305
2024-05-10,NC,North Carolina,0.705,0.28,0.4249999999999999,45.1039,39.065349999999995,6.038550000000008,0.5750000000000001,-0.005,-0.0612499999999869,0.3942195921834684,-0.9308471843735939
2024-05-11,NC,North Carolina,0.745,0.245,0.5,44.995900000000006,39.099599999999995,5.896300000000011,0.5,0.075,-0.1422499999999971,0.3922642236238728,-0.9358196263976932
2024-05-12,NC,North Carolina,0.745,0.245,0.5,44.9824,39.0371,5.945299999999996,0.5,0.0,0.0489999999999852,0.32100808482005044,-1.1362889698139949
2024-05-13,NC,North Carolina,0.745,0.245,0.5,44.814,38.5578,6.2562,0.5,0.0,0.3109000000000037,0.34905396662633603,-1.0525287365668792
2024-05-14,NC,North Carolina,0.75,0.245,0.505,44.8312,38.57345,6.2577500000000015,0.495,0.005,0.0015500000000017,0.3358096533270247,-1.0912107875004773
2024-05-15,NC,North Carolina,0.75,0.235,0.515,44.9384,38.59845,6.339950000000002,0.485,0.01,0.0822000000000002,0.46342907034044106,-0.7691019362358066
2024-05-16,NC,North Carolina,0.75,0.235,0.515,44.84875,38.6749,6.173850000000002,0.485,0.0,-0.1661000000000001,0.348853645129937,-1.0531027996621254
2024-05-17,NC,North Carolina,0.75,0.235,0.515,44.89225,38.7071,6.18515,0.485,0.0,0.0112999999999985,0.41541518072222244,-0.8784768233782553
2024-05-18,NC,North Carolina,0.75,0.235,0.515,44.8298,38.7113,6.118499999999997,0.485,0.0,-0.0666500000000027,0.4057013654941501,-0.9021379430022912
2024-05-19,NC,North Carolina,0.75,0.235,0.515,44.7091,38.32355,6.385550000000002,0.485,0.0,0.2670500000000047,0.3709981040075226,-0.9915583268796134
2024-05-20,NC,North Carolina,0.75,0.235,0.515,44.721500000000006,38.14685,6.574650000000005,0.485,0.0,0.1891000000000033,0.39395018832292633,-0.9315308032529191
2024-05-21,NC,North Carolina,0.755,0.235,0.52,44.69285,38.23075,6.4620999999999995,0.48,0.005,-0.1125500000000059,0.4239443408115913,-0.8581531040378344
2024-05-22,NC,North Carolina,0.755,0.235,0.52,44.4212,38.30265,6.118549999999999,0.48,0.0,-0.3435500000000004,0.36367276089115685,-1.0115008242367136
2024-05-23,NC,North Carolina,0.755,0.235,0.52,44.359399999999994,38.278850000000006,6.080549999999988,0.48,0.0,-0.0380000000000109,0.34451547620078515,-1.0656162658777075
2024-05-24,NC,North Carolina,0.755,0.235,0.52,44.49535,38.19575,6.299600000000005,0.48,0.0,0.219050000000017,0.39563229308147946,-0.9272700519244326
2024-05-25,NC,North Carolina,0.755,0.235,0.52,44.61485,38.14375,6.4711,0.48,0.0,0.1714999999999946,0.4669485880119188,-0.7615361172838169
2024-05-26,NC,North Carolina,0.755,0.235,0.52,44.67315,38.1686,6.504550000000002,0.48,0.0,0.0334500000000019,0.4565288273113366,-0.7841034323947075
2024-05-27,NC,North Carolina,0.755,0.235,0.52,44.6002,38.2049,6.395299999999999,0.48,0.0,-0.1092500000000029,0.40370671563857286,-0.9070666160409645
2024-05-28,NC,North Carolina,0.745,0.235,0.51,44.5701,38.174499999999995,6.395600000000002,0.49,-0.01,0.0003000000000028,0.4492153342748522,-0.8002529198464192
2024-05-29,NC,North Carolina,0.745,0.235,0.51,44.289550000000006,38.116299999999995,6.17325000000001,0.49,0.0,-0.2223499999999916,0.46971915745280574,-0.7556203002090707
2024-05-30,NC,North Carolina,0.745,0.235,0.51,44.5143,37.80545,6.708849999999998,0.49,0.0,0.5355999999999881,0.4054678959172514,-0.9027135801583129
2024-05-31,NC,North Carolina,0.745,0.245,0.5,44.2259,38.0258,6.200100000000006,0.5,-0.01,-0.508749999999992,0.41456823309305363,-0.8805177025308885
2024-06-01,NC,North Carolina,0.745,0.24,0.505,44.2581,38.08295,6.175150000000002,0.495,0.005,-0.024950000000004,0.42150749247628017,-0.8639177259537767
2024-06-02,NC,North Carolina,0.745,0.255,0.49,44.2164,38.1527,6.063699999999997,0.51,-0.015,-0.1114500000000049,0.3717950022638804,-0.9894126457865354
2024-06-03,NC,North Carolina,0.745,0.255,0.49,44.8881,37.70325,7.184850000000004,0.51,0.0,1.1211500000000072,0.40403348652275295,-0.9062575170234036
2024-06-04,NC,North Carolina,0.755,0.245,0.51,44.86025,37.65655,7.203699999999998,0.49,0.02,0.0188499999999933,0.3437582137020578,-1.0678167358808366
2024-06-05,NC,North Carolina,0.775,0.225,0.55,44.6741,37.74385,6.930250000000001,0.4499999999999999,0.04,-0.2734499999999968,0.39953057409566933,-0.917464985801346
2024-06-06,NC,North Carolina,0.775,0.225,0.55,44.57525,38.1357,6.439549999999997,0.4499999999999999,0.0,-0.4907000000000039,0.4702734306544535,-0.7544409860891514
2024-06-07,NC,North Carolina,0.775,0.22,0.555,44.6004,37.97855,6.621850000000002,0.4449999999999999,0.005,0.182300000000005,0.3566791980615255,-1.0309185060595651
2024-06-08,NC,North Carolina,0.775,0.22,0.555,44.57585,37.99775,6.578099999999999,0.4449999999999999,0.0,-0.0437500000000028,0.4327500193192431,-0.8375950402828544
2024-06-09,NC,North Carolina,0.775,0.22,0.555,44.65645,38.04815,6.6083,0.4449999999999999,0.0,0.0302000000000006,0.4038419356537151,-0.9067317259604978
2024-06-10,NC,North Carolina,0.775,0.22,0.555,44.6188,38.1251,6.493699999999997,0.4449999999999999,0.0,-0.1146000000000029,0.41334615045192435,-0.8834699003740567
2024-06-11,NC,North Carolina,0.775,0.22,0.555,44.31725,37.9949,6.32235,0.4449999999999999,0.0,-0.1713499999999967,0.3843267110244695,-0.9562622781684846
2024-06-12,NC,North Carolina,0.775,0.22,0.555,44.4324,37.9307,6.5017,0.4449999999999999,0.0,0.1793499999999994,0.4179442186040338,-0.872407303678108
2024-06-13,NC,North Carolina,0.775,0.22,0.555,44.48865,38.025000000000006,6.463649999999994,0.4449999999999999,0.0,-0.0380500000000054,0.48830020157954734,-0.716824895095547
2024-06-14,NC,North Carolina,0.775,0.22,0.555,44.57415,37.96085,6.613300000000002,0.4449999999999999,0.0,0.1496500000000082,0.3863468740680328,-0.9510196755682828
2024-06-15,NC,North Carolina,0.775,0.22,0.555,44.49885,37.92775,6.571099999999994,0.4449999999999999,0.0,-0.0422000000000082,0.4148276686237819,-0.8798921013224603
2024-06-16,NC,North Carolina,0.775,0.22,0.555,44.6278,37.93814999999999,6.689650000000007,0.4449999999999999,0.0,0.1185500000000132,0.4324046791464388,-0.838393371937894
2024-06-17,NC,North Carolina,0.775,0.22,0.555,44.39535,38.0497,6.345649999999999,0.4449999999999999,0.0,-0.3440000000000083,0.5082814300095995,-0.6767199887209434
2024-06-18,NC,North Carolina,0.775,0.22,0.555,44.361,38.04205,6.318949999999994,0.4449999999999999,0.0,-0.0267000000000052,0.5144714843087715,-0.6646151493280243
2024-06-19,NC,North Carolina,0.775,0.22,0.555,44.394400000000005,38.0298,6.364600000000003,0.4449999999999999,0.0,0.045650000000009,0.49532835846245016,-0.7025343859038999
2024-06-20,NC,North Carolina,0.775,0.22,0.555,43.95815,38.3836,5.574550000000002,0.4449999999999999,0.0,-0.7900500000000008,0.41412619587820804,-0.8815845306434381
2024-06-21,NC,North Carolina,0.775,0.22,0.555,43.96925,38.3788,5.590450000000004,0.4449999999999999,0.0,0.015900000000002,0.416252652688481,-0.8764628648826103
2024-06-22,NC,North Carolina,0.775,0.22,0.555,43.9104,38.3978,5.512600000000006,0.4449999999999999,0.0,-0.0778499999999979,0.3922675528023723,-0.935811139352045
2024-06-23,NC,North Carolina,0.775,0.22,0.555,44.02105,38.58695,5.434100000000001,0.4449999999999999,0.0,-0.0785000000000053,0.48467963314513285,-0.7242671565202884
2024-06-24,NC,North Carolina,0.775,0.22,0.555,44.2008,38.43975,5.7610500000000044,0.4449999999999999,0.0,0.3269500000000036,0.45122597284381366,-0.7957870165281352
2024-06-25,NC,North Carolina,0.775,0.22,0.555,44.23635,38.48805,5.7483,0.4449999999999999,0.0,-0.012750000000004,0.47600518336866,-0.7423265353800484
2024-06-26,NC,North Carolina,0.775,0.22,0.555,44.47615,38.489450000000005,5.986699999999992,0.4449999999999999,0.0,0.2383999999999915,0.5138425649830003,-0.6658383542518932
2024-06-27,NC,North Carolina,0.81,0.17,0.64,44.484,38.51895,5.965050000000005,0.36,0.0849999999999999,-0.0216499999999868,1.192154522576575,0.1757621932755618
2024-06-28,NC,North Carolina,0.81,0.175,0.635,44.81175,38.20555,6.606200000000001,0.365,-0.005,0.6411499999999961,0.46249283301988636,-0.7711242183229428
2024-06-29,NC,North Carolina,0.83,0.165,0.6649999999999999,44.9959,38.020700000000005,6.975199999999994,0.3350000000000001,0.0299999999999999,0.3689999999999926,0.4676059763836604,-0.7601292684914335
2024-06-30,NC,North Carolina,0.83,0.165,0.6649999999999999,45.1916,37.9513,7.240299999999998,0.3350000000000001,0.0,0.2651000000000039,0.39410803989854465,-0.9311301943332314
2024-07-01,NC,North Carolina,0.83,0.165,0.6649999999999999,45.24135,37.99185,7.249499999999998,0.3350000000000001,0.0,0.0091999999999998,0.5055713506648133,-0.682066101788158
2024-07-02,NC,North Carolina,0.83,0.17,0.6599999999999999,45.235299999999995,37.84,7.395299999999992,0.3400000000000001,-0.005,0.1457999999999941,0.44545552705550984,-0.8086578640902159
2024-07-03,NC,North Carolina,0.83,0.165,0.6649999999999999,45.4633,37.40975,8.053549999999994,0.3350000000000001,0.005,0.6582500000000024,0.453089141283138,-0.7916663929832461
2024-07-04,NC,North Carolina,0.815,0.175,0.6399999999999999,45.4246,37.37555,8.049050000000001,0.3600000000000001,-0.025,-0.004499999999993,0.47013409173620724,-0.7547373234023871
2024-07-05,NC,North Carolina,0.815,0.175,0.6399999999999999,45.5932,37.2983,8.294900000000005,0.3600000000000001,0.0,0.2458500000000043,0.44103097442806666,-0.8186401692034424
2024-07-06,NC,North Carolina,0.785,0.2,0.585,44.75085,38.35055,6.400300000000001,0.415,-0.0549999999999999,-1.894600000000004,0.5206456862859262,-0.6526855332879837
2024-07-07,NC,North Carolina,0.785,0.21,0.5750000000000001,44.78435,38.38325,6.401100000000007,0.4249999999999999,-0.0099999999999998,0.0008000000000052,0.5301994502635569,-0.6345020219750582
2024-07-08,NC,North Carolina,0.785,0.21,0.5750000000000001,44.73075,38.322199999999995,6.408550000000005,0.4249999999999999,0.0,0.0074499999999986,0.4664101819118485,-0.7626898133268359
2024-07-09,NC,North Carolina,0.785,0.21,0.5750000000000001,44.803650000000005,38.53905,6.2646000000000015,0.4249999999999999,0.0,-0.1439500000000038,0.4354733771190656,-0.8313216163169489
2024-07-10,NC,North Carolina,0.775,0.215,0.56,44.90285,38.63115,6.271700000000003,0.4399999999999999,-0.015,0.0071000000000012,0.5124387059029155,-0.6685741733602271
2024-07-11,NC,North Carolina,0.775,0.215,0.56,44.77865,38.699,6.079650000000001,0.4399999999999999,0.0,-0.1920500000000018,0.4693472216178169,-0.7564124398548444
2024-07-12,NC,North Carolina,0.785,0.215,0.5700000000000001,44.65395,38.89125,5.762700000000002,0.4299999999999999,0.01,-0.3169499999999985,0.4793944922017458,-0.7352314459887238
2024-07-13,NC,North Carolina,0.78,0.225,0.555,44.63605,38.90475,5.731299999999997,0.4449999999999999,-0.015,-0.0314000000000049,1.3353039376077644,0.28915893455969377
2024-07-14,NC,North Carolina,0.795,0.195,0.6000000000000001,44.766,38.92855,5.837449999999997,0.3999999999999999,0.045,0.1061499999999995,0.4997080433647349,-0.693731264374221
2024-07-15,NC,North Carolina,0.805,0.18,0.625,44.97895,38.6438,6.335149999999999,0.375,0.0249999999999999,0.4977000000000018,0.57631615173968,-0.5510988943147291
2024-07-16,NC,North Carolina,0.805,0.175,0.6300000000000001,44.87125,38.765550000000005,6.105699999999999,0.3699999999999999,0.0050000000000001,-0.2294499999999999,0.49708884103782536,-0.6989865142569384
2024-07-17,NC,North Carolina,0.805,0.18,0.625,44.8356,38.8279,6.0077,0.375,-0.0050000000000001,-0.0979999999999989,0.4954819443422185,-0.7022243651450045
2024-07-18,NC,North Carolina,0.805,0.18,0.625,45.48075,38.43945,7.0413,0.375,0.0,1.0336,0.4952387104656054,-0.702715389290549
2024-07-19,NC,North Carolina,0.75,0.265,0.485,45.51625,38.624,6.892249999999997,0.515,-0.14,-0.1490500000000025,0.5339392810468647,-0.6274731523916964
2024-07-20,NC,North Carolina,0.75,0.25,0.5,45.54965,38.6752,6.874450000000003,0.5,0.015,-0.017799999999994,0.5742242034326591,-0.5547353606114969
2024-07-21,NC,North Carolina,0.75,0.25,0.5,45.5588,38.6539,6.904899999999998,0.5,0.0,0.0304499999999947,1.3182008306916335,0.2762677998074518
2024-07-22,NC,North Carolina,0.735,0.275,0.4599999999999999,45.5588,38.6539,6.904899999999998,0.54,-0.04,0.0,0.5716860504018784,-0.5591653012165161
2024-07-23,NC,North Carolina,0.705,0.27,0.4349999999999999,45.5588,38.6539,6.904899999999998,0.5650000000000001,-0.025,0.0,0.58034944241989,-0.5441248699332121
2024-07-24,NC,North Carolina,0.705,0.28,0.4249999999999999,45.5588,38.6539,6.904899999999998,0.5750000000000001,-0.01,0.0,0.6041826688107973,-0.5038786949646464
2024-07-25,NC,North Carolina,0.695,0.31,0.3849999999999999,45.5588,38.6539,6.904899999999998,0.615,-0.0399999999999999,0.0,0.5450270653139183,-0.6069198244255103
2024-07-26,NC,North Carolina,0.695,0.305,0.3899999999999999,45.5588,38.6539,6.904899999999998,0.6100000000000001,0.005,0.0,0.5231580027046813,-0.6478717521208217
2024-07-27,NC,North Carolina,0.685,0.31,0.375,45.5588,38.6539,6.904899999999998,0.625,-0.0149999999999999,0.0,0.4862465821793813,-0.7210394130111891
2024-07-28,NC,North Carolina,0.695,0.305,0.3899999999999999,45.5588,38.6539,6.904899999999998,0.6100000000000001,0.0149999999999999,0.0,0.5968670970434384,-0.5160608083902951
2024-07-29,NC,North Carolina,0.725,0.24,0.485,45.5588,38.6539,6.904899999999998,0.515,0.095,0.0,0.5697823689818531,-0.5625007998648475
2024-07-30,NC,North Carolina,0.765,0.225,0.54,45.5588,38.6539,6.904899999999998,0.4599999999999999,0.055,0.0,0.502034513537582,-0.6890864095868264
2024-07-31,NC,North Carolina,0.765,0.245,0.52,45.5588,38.6539,6.904899999999998,0.48,-0.02,0.0,0.5874607871377273,-0.531945780488875
2024-08-01,NC,North Carolina,0.715,0.29,0.425,45.5588,38.6539,6.904899999999998,0.575,-0.095,0.0,0.6117734774178728,-0.49139319992477104
2024-08-02,NC,North Carolina,0.7,0.31,0.3899999999999999,45.5588,38.6539,6.904899999999998,0.6100000000000001,-0.035,0.0,0.5007194829655264,-0.6917092489482533
2024-08-03,NC,North Carolina,0.675,0.325,0.35,45.5588,38.6539,6.904899999999998,0.6499999999999999,-0.0399999999999999,0.0,0.5194425472002652,-0.6549990670509266
2024-08-04,NC,North Carolina,0.68,0.31,0.37,45.5588,38.6539,6.904899999999998,0.6299999999999999,0.02,0.0,0.5869922085917026,-0.5327437325100994
2024-08-05,NC,North Carolina,0.685,0.315,0.37,45.5588,38.6539,6.904899999999998,0.6299999999999999,0.0,0.0,0.46885974053972046,-0.7574516159463203
2024-08-06,NC,North Carolina,0.685,0.305,0.38,45.5588,38.6539,6.904899999999998,0.6199999999999999,0.01,0.0,0.6218857104391966,-0.47499894840079226
2024-08-07,NC,North Carolina,0.685,0.32,0.365,45.5588,38.6539,6.904899999999998,0.635,-0.015,0.0,0.520577577273284,-0.652816358280323
2024-08-08,NC,North Carolina,0.68,0.32,0.36,45.5588,38.6539,6.904899999999998,0.6399999999999999,-0.005,0.0,0.5634163479549308,-0.5737364073564174
2024-08-09,NC,North Carolina,0.675,0.325,0.35,45.5588,38.6539,6.904899999999998,0.6499999999999999,-0.01,0.0,0.5542925355676636,-0.5900626890593483
2024-08-10,NC,North Carolina,0.665,0.33,0.335,45.5588,38.6539,6.904899999999998,0.665,-0.015,0.0,0.6297288973914245,-0.46246587381238274
2024-08-11,NC,North Carolina,0.635,0.36,0.275,45.5588,38.6539,6.904899999999998,0.725,-0.06,0.0,0.5802775417960477,-0.5442487695580046
2024-08-12,NC,North Carolina,0.615,0.385,0.2299999999999999,45.3913,44.4392,0.9521000000000016,0.77,-0.045,-5.952799999999996,0.5884474523402287,-0.530267647109203
2024-08-13,NC,North Carolina,0.62,0.385,0.235,45.4457,44.455200000000005,0.9904999999999972,0.765,0.005,0.0383999999999957,0.5561783815148882,-0.5866662061237655
2024-08-14,NC,North Carolina,0.615,0.385,0.2299999999999999,45.55675,44.7552,0.8015499999999989,0.77,-0.005,-0.1889499999999984,0.5453715780109676,-0.6062879221196482
2024-08-15,NC,North Carolina,0.615,0.385,0.2299999999999999,45.4987,44.9744,0.5242999999999967,0.77,0.0,-0.2772500000000022,0.5881672675440556,-0.5307439029246948
2024-08-16,NC,North Carolina,0.62,0.375,0.245,45.7479,44.93325,0.8146500000000003,0.755,0.015,0.2903500000000036,0.5491946917403906,-0.5993022705749614
2024-08-17,NC,North Carolina,0.625,0.375,0.25,45.45855,45.0754,0.3831500000000005,0.75,0.005,-0.4314999999999998,0.6039557218139571,-0.5042543919895415
2024-08-18,NC,North Carolina,0.605,0.395,0.2099999999999999,45.5118,45.18205,0.3297500000000042,0.79,-0.04,-0.0533999999999963,0.5402676679354903,-0.615690580871223
2024-08-19,NC,North Carolina,0.595,0.405,0.1899999999999999,45.677499999999995,45.37525,0.3022499999999937,0.81,-0.02,-0.0275000000000105,0.5153258935564454,-0.6629557754315828
2024-08-20,NC,North Carolina,0.565,0.435,0.1299999999999999,45.6652,45.484849999999994,0.1803500000000042,0.8700000000000001,-0.06,-0.1218999999999894,0.5969784506754612,-0.515874262262015
2024-08-21,NC,North Carolina,0.595,0.395,0.1999999999999999,45.53935,45.758849999999995,-0.2194999999999964,0.8,0.07,-0.3998500000000007,0.605633011353842,-0.5014810681829609
2024-08-22,NC,North Carolina,0.625,0.365,0.26,45.3578,45.77915,-0.4213500000000039,0.74,0.06,-0.2018500000000074,0.5978689949780536,-0.5143836209743229
2024-08-23,NC,North Carolina,0.595,0.405,0.1899999999999999,45.65915,45.84245,-0.1833000000000026,0.81,-0.07,0.2380500000000012,0.5744376065962342,-0.5543637922975386
2024-08-24,NC,North Carolina,0.595,0.4,0.1949999999999999,45.6485,45.76505,-0.1165500000000037,0.805,0.005,0.0667499999999989,0.5504535184816894,-0.5970127614765444
2024-08-25,NC,North Carolina,0.595,0.405,0.1899999999999999,45.62345,45.815,-0.1915499999999994,0.81,-0.005,-0.0749999999999957,0.5257764616880957,-0.6428791343523621
2024-08-26,NC,North Carolina,0.595,0.405,0.1899999999999999,45.75535,45.67205,0.0833000000000012,0.81,0.0,0.2748500000000007,0.6072061288466474,-0.4988869593306964
2024-08-27,NC,North Carolina,0.595,0.405,0.1899999999999999,45.787400000000005,45.4804,0.3070000000000021,0.81,0.0,0.2237000000000009,0.6942460337824821,-0.3649288657643997
2024-08-28,NC,North Carolina,0.605,0.395,0.2099999999999999,45.9436,45.52825,0.4153500000000036,0.79,0.02,0.1083500000000015,0.5744826578953408,-0.5542853685800326
2024-08-29,NC,North Carolina,0.605,0.395,0.2099999999999999,46.044250000000005,45.81035,0.2339000000000055,0.79,0.0,-0.1814499999999981,0.5653111445462944,-0.5703790011023392
2024-08-30,NC,North Carolina,0.605,0.395,0.2099999999999999,45.96635,45.6191,0.3472499999999954,0.79,0.0,0.1133499999999898,0.5912138441497706,-0.5255774925895546
2024-08-31,NC,North Carolina,0.605,0.395,0.2099999999999999,46.08465,45.75615,0.3285000000000053,0.79,0.0,-0.01874999999999,0.6124053641357602,-0.49036085603422636
2024-09-01,NC,North Carolina,0.605,0.395,0.2099999999999999,46.109849999999994,45.7345,0.3753499999999974,0.79,0.0,0.046849999999992,0.5486008006103099,-0.6003842411098305
2024-09-02,NC,North Carolina,0.605,0.395,0.2099999999999999,46.1396,45.73675,0.4028500000000008,0.79,0.0,0.0275000000000034,0.514866485351771,-0.6638476636740775
2024-09-03,NC,North Carolina,0.615,0.385,0.2299999999999999,46.1512,45.708749999999995,0.442450000000008,0.77,0.02,0.0396000000000071,0.6941550653069497,-0.3650599063919564
2024-09-04,NC,North Carolina,0.605,0.395,0.2099999999999999,46.20655,45.672799999999995,0.5337500000000048,0.79,-0.02,0.0912999999999968,0.5688378671781581,-0.5641598289077806
2024-09-05,NC,North Carolina,0.605,0.395,0.2099999999999999,46.43145,45.82025,0.6111999999999966,0.79,0.0,0.0774499999999918,0.6375595500185086,-0.45010759451842675
2024-09-06,NC,North Carolina,0.625,0.375,0.25,46.51835,45.96445,0.5538999999999987,0.75,0.04,-0.0572999999999979,0.6822735540043142,-0.38232459598183977
2024-09-07,NC,North Carolina,0.615,0.385,0.2299999999999999,46.5162,45.91395,0.602249999999998,0.77,-0.02,0.0483499999999992,0.6252172116104215,-0.46965615104660363
2024-09-08,NC,North Carolina,0.615,0.385,0.2299999999999999,46.6767,45.90795,0.7687499999999972,0.77,0.0,0.1664999999999992,0.7255304304657768,-0.3208522634082667
2024-09-09,NC,North Carolina,0.635,0.365,0.27,46.150400000000005,46.4069,-0.2564999999999955,0.73,0.04,-1.025249999999993,0.6626347000724354,-0.41153142092459194
2024-09-10,NC,North Carolina,0.615,0.385,0.2299999999999999,46.03375,46.20735,-0.1736000000000004,0.77,-0.04,0.082899999999995,1.7397256260015665,0.5537274145866645
2024-09-11,NC,North Carolina,0.575,0.42,0.1549999999999999,46.00535,46.20235,-0.1970000000000027,0.845,-0.075,-0.0234000000000023,0.6826572138711213,-0.3817624284551917
2024-09-12,NC,North Carolina,0.555,0.435,0.12,45.9625,46.259,-0.2965000000000017,0.8799999999999999,-0.0349999999999999,-0.099499999999999,0.6743367723426615,-0.3940256306299669
2024-09-13,NC,North Carolina,0.575,0.425,0.1499999999999999,45.9625,46.259,-0.2965000000000017,0.8500000000000001,0.0299999999999999,0.0,0.7059125258638896,-0.34826395020791245
2024-09-14,NC,North Carolina,0.565,0.435,0.1299999999999999,45.9625,46.259,-0.2965000000000017,0.8700000000000001,-0.02,0.0,0.6335668381614707,-0.4563897786119467
2024-09-15,NC,North Carolina,0.565,0.425,0.1399999999999999,45.9625,46.259,-0.2965000000000017,0.8600000000000001,0.01,0.0,0.7534938332039219,-0.28303444515090653
2024-09-16,NC,North Carolina,0.575,0.425,0.1499999999999999,45.9625,46.259,-0.2965000000000017,0.8500000000000001,0.01,0.0,0.6883650487612424,-0.3734359876343729
2024-09-17,NC,North Carolina,0.565,0.425,0.1399999999999999,45.9625,46.259,-0.2965000000000017,0.8600000000000001,-0.01,0.0,0.6680756631722443,-0.40335384363792937
2024-09-18,NC,North Carolina,0.57,0.435,0.1349999999999999,45.9625,46.259,-0.2965000000000017,0.865,-0.005,0.0,0.628669724917491,-0.46414923980670775
2024-09-19,NC,North Carolina,0.575,0.43,0.1449999999999999,45.9625,46.259,-0.2965000000000017,0.855,0.01,0.0,0.6576555902209329,-0.41907390380554793
2024-09-20,NC,North Carolina,0.555,0.445,0.11,45.9625,46.259,-0.2965000000000017,0.8899999999999999,-0.0349999999999999,0.0,0.6403536042659165,-0.44573474853853595
2024-09-21,NC,North Carolina,0.55,0.45,0.1,45.9625,46.259,-0.2965000000000017,0.8999999999999999,-0.01,0.0,0.6449047763954242,-0.43865260658072813
2024-09-22,NC,North Carolina,0.555,0.445,0.11,45.9625,46.259,-0.2965000000000017,0.8899999999999999,0.01,0.0,0.6323000655959308,-0.4583912101757897
2024-09-23,NC,North Carolina,0.555,0.445,0.11,45.9625,46.259,-0.2965000000000017,0.8899999999999999,0.0,0.0,0.6895204785809045,-0.37175888156488324
2024-09-24,NC,North Carolina,0.555,0.43,0.125,45.9625,46.259,-0.2965000000000017,0.875,0.015,0.0,0.6940421202890047,-0.3652226282579365
2024-09-25,NC,North Carolina,0.555,0.435,0.12,45.9625,46.259,-0.2965000000000017,0.8799999999999999,-0.005,0.0,0.6462918175240491,-0.4365041472853876
2024-09-26,NC,North Carolina,0.565,0.435,0.1299999999999999,45.9625,46.259,-0.2965000000000017,0.8700000000000001,0.0099999999999998,0.0,0.6243121356661244,-0.47110481826607353
2024-09-27,NC,North Carolina,0.565,0.435,0.1299999999999999,45.9625,46.259,-0.2965000000000017,0.8700000000000001,0.0,0.0,0.6019744346152839,-0.5075403019915542
2024-09-28,NC,North Carolina,0.565,0.435,0.1299999999999999,45.9625,46.259,-0.2965000000000017,0.8700000000000001,0.0,0.0,0.5937670059046989,-0.5212682825197433
2024-09-29,NC,North Carolina,0.555,0.435,0.12,45.9625,46.259,-0.2965000000000017,0.8799999999999999,-0.0099999999999998,0.0,0.6715676410983835,-0.3981405367465844
2024-09-30,NC,North Carolina,0.555,0.445,0.11,45.9625,46.259,-0.2965000000000017,0.8899999999999999,-0.01,0.0,0.6590394378410339,-0.416971901291462
2024-10-01,NC,North Carolina,0.565,0.435,0.1299999999999999,45.9625,46.259,-0.2965000000000017,0.8700000000000001,0.0199999999999999,0.0,0.6472774906321218,-0.4349801882789043
2024-10-02,NC,North Carolina,0.555,0.435,0.12,45.9625,46.259,-0.2965000000000017,0.8799999999999999,-0.0099999999999998,0.0,0.7784166269539394,-0.2504933879146036
2024-10-03,NC,North Carolina,0.575,0.425,0.1499999999999999,45.9625,46.259,-0.2965000000000017,0.8500000000000001,0.0299999999999999,0.0,0.6737826367557779,-0.39484771747828634
2024-10-04,NC,North Carolina,0.575,0.425,0.1499999999999999,45.9625,46.259,-0.2965000000000017,0.8500000000000001,0.0,0.0,0.7227006434094132,-0.32476019040798404
2024-10-05,NC,North Carolina,0.585,0.4,0.1849999999999999,45.9625,46.259,-0.2965000000000017,0.8150000000000001,0.0349999999999999,0.0,2.3004690777198333,0.8331130489754857
2024-10-06,NC,North Carolina,0.61,0.385,0.2249999999999999,45.9625,46.259,-0.2965000000000017,0.775,0.04,0.0,2.0410614916585756,0.7134700115750265
2024-10-07,NC,North Carolina,0.585,0.415,0.1699999999999999,45.9625,46.259,-0.2965000000000017,0.8300000000000001,-0.0549999999999999,0.0,2.21811578662315,0.7966580907320711
2024-10-08,NC,North Carolina,0.6,0.395,0.2049999999999999,45.9625,46.259,-0.2965000000000017,0.795,0.0349999999999999,0.0,2.3587439712041065,0.8581292617690498
2024-10-09,NC,North Carolina,0.6,0.395,0.2049999999999999,45.9625,46.259,-0.2965000000000017,0.795,0.0,0.0,2.3113990978125063,0.8378530112383292
2024-10-10,NC,North Carolina,0.605,0.395,0.2099999999999999,45.9625,46.259,-0.2965000000000017,0.79,0.005,0.0,2.2307337891907473,0.8023305847945802
2024-10-11,NC,North Carolina,0.615,0.385,0.2299999999999999,45.9625,46.259,-0.2965000000000017,0.77,0.02,0.0,2.526939215354729,0.9270087740426454
2024-10-12,NC,North Carolina,0.625,0.375,0.25,45.9625,46.259,-0.2965000000000017,0.75,0.02,0.0,2.4340132352327055,0.8895414321975135
2024-10-13,NC,North Carolina,0.625,0.375,0.25,45.9625,46.259,-0.2965000000000017,0.75,0.0,0.0,2.4157406448886833,0.8820059253403396
2024-10-14,NC,North Carolina,0.625,0.375,0.25,45.9625,46.259,-0.2965000000000017,0.75,0.0,0.0,2.318611152783086,0.8409683653793528
2024-10-15,NC,North Carolina,0.625,0.375,0.25,45.9625,46.259,-0.2965000000000017,0.75,0.0,0.0,2.4278383985400787,0.8870013135440189
2024-10-16,NC,North Carolina,0.62,0.365,0.255,45.9625,46.259,-0.2965000000000017,0.745,0.005,0.0,2.208639926718128,0.7923769083078098
2024-10-17,NC,North Carolina,0.63,0.365,0.265,45.9625,46.259,-0.2965000000000017,0.735,0.01,0.0,2.3043189349353868,0.8347851598748257
2024-10-18,NC,North Carolina,0.64,0.365,0.275,45.9625,46.259,-0.2965000000000017,0.725,0.01,0.0,2.1361224249963495,0.7589922345286997
2024-10-19,NC,North Carolina,0.645,0.355,0.29,45.9625,46.259,-0.2965000000000017,0.71,0.015,0.0,2.320970901099037,0.8419855899879596
2024-10-20,NC,North Carolina,0.655,0.345,0.31,45.9625,46.259,-0.2965000000000017,0.69,0.02,0.0,2.35596097670221,0.8569487022829853
2024-10-21,NC,North Carolina,0.635,0.365,0.27,45.9625,46.259,-0.2965000000000017,0.73,-0.04,0.0,2.2217211236994276,0.7982821764548438
2024-10-22,NC,North Carolina,0.655,0.345,0.31,45.9625,46.259,-0.2965000000000017,0.69,0.04,0.0,2.5738683794686943,0.9454099732389684
2024-10-23,NC,North Carolina,0.705,0.295,0.41,45.9625,46.259,-0.2965000000000017,0.5900000000000001,0.0999999999999999,0.0,2.625510755256626,0.9652754505477277
2024-10-24,NC,North Carolina,0.7,0.3,0.3999999999999999,45.9625,46.259,-0.2965000000000017,0.6000000000000001,-0.01,0.0,2.4971418857349175,0.9151468321642443
2024-10-25,NC,North Carolina,0.68,0.33,0.35,45.9625,46.259,-0.2965000000000017,0.6499999999999999,-0.0499999999999999,0.0,2.3852946843829503,0.8693226741009891
2024-10-26,NC,North Carolina,0.7,0.295,0.4049999999999999,45.9625,46.259,-0.2965000000000017,0.595,0.0549999999999999,0.0,2.657508256453623,0.9773889380790449
2024-10-27,NC,North Carolina,0.705,0.295,0.41,45.9625,46.259,-0.2965000000000017,0.5900000000000001,0.005,0.0,2.29192783170375,0.8293933113165173
2024-10-28,NC,North Carolina,0.705,0.29,0.415,45.9625,46.259,-0.2965000000000017,0.585,0.005,0.0,2.6332393745791483,0.9682147896287365
2024-10-29,NC,North Carolina,0.705,0.295,0.41,45.9625,46.259,-0.2965000000000017,0.5900000000000001,-0.005,0.0,2.3170384377618007,0.8402898347652903
2024-10-30,NC,North Carolina,0.73,0.275,0.4549999999999999,45.9625,46.259,-0.2965000000000017,0.545,0.0449999999999999,0.0,2.5709962292515396,0.9442934616360568
2024-10-31,NC,North Carolina,0.73,0.27,0.4599999999999999,45.9625,46.259,-0.2965000000000017,0.54,0.005,0.0,2.350447064617751,0.8546055503255563
2024-11-01,NC,North Carolina,0.725,0.28,0.4449999999999999,45.9625,46.259,-0.2965000000000017,0.555,-0.015,0.0,2.6973306382976983,0.9922626314887308
2024-11-02,NC,North Carolina,0.695,0.31,0.3849999999999999,45.9625,46.259,-0.2965000000000017,0.615,-0.06,0.0,2.7340042278682266,1.005767284704449
2024-11-03,NC,North Carolina,0.615,0.375,0.24,45.9625,46.259,-0.2965000000000017,0.76,-0.1449999999999999,0.0,2.2904314770637426,0.8287402177494845
2024-11-04,NC,North Carolina,0.625,0.375,0.25,45.9625,46.259,-0.2965000000000017,0.75,0.01,0.0,2.5233923617019425,0.9256041715202943
2024-11-05,NC,North Carolina,0.68,0.325,0.355,45.9625,46.259,-0.2965000000000017,0.645,0.105,0.0,2.729191824044597,1.004005530221315
2024-11-06,NC,North Carolina,0.67,0.335,0.335,45.9625,46.259,-0.2965000000000017,0.665,-0.02,0.0,2.4907619303319226,0.9125886597865907
2024-03-08,NV,Nevada,0.5,0.5,0.0,44.99575,37.9143,7.081450000000004,1.0,,,0.25311229307959004,-1.373922042560802
2024-03-09,NV,Nevada,0.48,0.52,-0.04,45.03445,37.76755,7.2669,0.96,-0.04,0.1854499999999959,0.19733529057427984,-1.6228510143646862
2024-03-10,NV,Nevada,0.485,0.515,-0.03,44.985600000000005,37.7766,7.209000000000003,0.97,0.01,-0.0578999999999965,0.18244212288911246,-1.7013222911116614
2024-03-11,NV,Nevada,0.485,0.515,-0.03,44.93355,37.7879,7.145649999999996,0.97,0.0,-0.0633500000000069,0.20675886158243872,-1.5762020846549532
2024-03-12,NV,Nevada,0.485,0.515,-0.03,44.8572,38.3955,6.4617,0.97,0.0,-0.6839499999999958,0.1874584742100697,-1.6741979289795967
2024-03-13,NV,Nevada,0.485,0.515,-0.03,44.98105,38.4761,6.504950000000001,0.97,0.0,0.0432500000000004,0.18043885001372595,-1.712363339695869
2024-03-14,NV,Nevada,0.485,0.515,-0.03,44.81545,38.45115,6.3643,0.97,0.0,-0.1406500000000008,0.17806569523881305,-1.7256027224058916
2024-03-15,NV,Nevada,0.485,0.515,-0.03,44.613699999999994,38.3297,6.283999999999992,0.97,0.0,-0.0803000000000082,0.2256322052912685,-1.4888490155959506
2024-03-16,NV,Nevada,0.485,0.515,-0.03,44.698,38.4002,6.297800000000002,0.97,0.0,0.0138000000000104,0.2214497327081902,-1.5075596556211535
2024-03-17,NV,Nevada,0.485,0.515,-0.03,44.730149999999995,38.7143,6.015849999999993,0.97,0.0,-0.281950000000009,0.17806386313544686,-1.7256130113769872
2024-03-18,NV,Nevada,0.485,0.515,-0.03,44.5589,38.59655,5.962350000000001,0.97,0.0,-0.0534999999999925,0.20488583709407815,-1.585302347189806
2024-03-19,NV,Nevada,0.495,0.515,-0.02,44.451899999999995,38.7284,5.723499999999994,0.98,0.01,-0.2388500000000064,0.21108734468302295,-1.5554832753184424
2024-03-20,NV,Nevada,0.485,0.515,-0.03,43.761849999999995,38.402,5.3598499999999945,0.97,-0.01,-0.3636499999999998,0.22241424575715035,-1.5032136639936762
2024-03-21,NV,Nevada,0.485,0.515,-0.03,43.88095,38.3802,5.5007499999999965,0.97,0.0,0.140900000000002,0.19036752592995265,-1.6587987282619716
2024-03-22,NV,Nevada,0.485,0.515,-0.03,43.87585,38.2836,5.59225,0.97,0.0,0.0915000000000034,0.19581487878442974,-1.6305855620668244
2024-03-23,NV,Nevada,0.495,0.515,-0.02,43.83915,38.286550000000005,5.552599999999991,0.98,0.01,-0.0396500000000088,0.2426657828907479,-1.416070161393924
2024-03-24,NV,Nevada,0.485,0.505,-0.02,43.7801,38.45175,5.32835,0.98,0.0,-0.2242499999999907,0.21119235696631627,-1.5549859164113111
2024-03-25,NV,Nevada,0.495,0.505,-0.01,43.86365,38.65235,5.211300000000001,0.99,0.01,-0.1170499999999989,0.21632004989604237,-1.5309962554690846
2024-03-26,NV,Nevada,0.495,0.505,-0.01,43.85675,38.2482,5.608550000000001,0.99,0.0,0.3972499999999996,0.18438703455748348,-1.690718281842007
2024-03-27,NV,Nevada,0.495,0.505,-0.01,44.140550000000005,37.987300000000005,6.15325,0.99,0.0,0.5446999999999989,0.20411853783000405,-1.589054386098305
2024-03-28,NV,Nevada,0.495,0.505,-0.01,44.06965,37.99605,6.073600000000006,0.99,0.0,-0.0796499999999937,0.19995762083442808,-1.6096498307150529
2024-03-29,NV,Nevada,0.495,0.505,-0.01,44.165,37.8984,6.266599999999997,0.99,0.0,0.1929999999999907,0.25598776444768523,-1.3626256307710276
2024-03-30,NV,Nevada,0.495,0.505,-0.01,44.14995,37.96665,6.183299999999996,0.99,0.0,-0.0833000000000012,0.2700998686095553,-1.308963504634795
2024-03-31,NV,Nevada,0.495,0.505,-0.01,44.13145,37.90465,6.226800000000004,0.99,0.0,0.0435000000000087,0.2277004940004836,-1.4797241363913727
2024-04-01,NV,Nevada,0.495,0.505,-0.01,44.15875,37.9755,6.183250000000001,0.99,0.0,-0.0435500000000033,0.23482684425475758,-1.4489068693912823
2024-04-02,NV,Nevada,0.495,0.505,-0.01,43.23755,37.736050000000006,5.501499999999993,0.99,0.0,-0.6817500000000081,0.23698903217018844,-1.4397414166807725
2024-04-03,NV,Nevada,0.495,0.505,-0.01,43.17415,38.114900000000006,5.059249999999992,0.99,0.0,-0.4422500000000013,0.2062131415765269,-1.5788449772451845
2024-04-04,NV,Nevada,0.495,0.505,-0.01,43.07125,38.22455,4.8466999999999985,0.99,0.0,-0.2125499999999931,0.21885819405937704,-1.519331274605081
2024-04-05,NV,Nevada,0.495,0.505,-0.01,43.04945,38.2103,4.839150000000004,0.99,0.0,-0.0075499999999948,0.2819075662646159,-1.266176040978858
2024-04-06,NV,Nevada,0.495,0.505,-0.01,42.813500000000005,37.8839,4.929600000000008,0.99,0.0,0.0904500000000041,0.17586183895638186,-1.7380565981521328
2024-04-07,NV,Nevada,0.495,0.505,-0.01,42.94845,37.81605,5.132400000000004,0.99,0.0,0.2027999999999963,0.200156844116388,-1.6086539991924496
2024-04-08,NV,Nevada,0.495,0.505,-0.01,42.76665,37.72195,5.044699999999999,0.99,0.0,-0.0877000000000052,0.2192815815939644,-1.5173986143450462
2024-04-09,NV,Nevada,0.475,0.515,-0.04,42.742149999999995,37.801,4.941149999999993,0.96,-0.03,-0.1035500000000055,0.20768709169690644,-1.5717226988185484
2024-04-10,NV,Nevada,0.475,0.515,-0.04,42.7154,37.748050000000006,4.967349999999996,0.96,0.0,0.0262000000000028,0.21968553057516932,-1.5155581616822835
2024-04-11,NV,Nevada,0.475,0.525,-0.05,42.61545,37.4419,5.173550000000006,0.95,-0.01,0.2062000000000097,0.22500835677953768,-1.491617736225046
2024-04-12,NV,Nevada,0.45,0.545,-0.095,42.6593,37.1953,5.463999999999999,0.905,-0.0449999999999999,0.2904499999999927,0.22244039700595805,-1.5030960918866374
2024-04-13,NV,Nevada,0.445,0.545,-0.1,42.5739,37.3789,5.195,0.8999999999999999,-0.005,-0.2689999999999983,0.2606108472320323,-1.3447269910899893
2024-04-14,NV,Nevada,0.445,0.545,-0.1,42.51665,37.5141,5.002549999999999,0.8999999999999999,0.0,-0.1924500000000009,0.279713463666949,-1.273989543833518
2024-04-15,NV,Nevada,0.445,0.555,-0.11,42.835449999999994,37.700100000000006,5.135349999999988,0.8899999999999999,-0.01,0.1327999999999889,0.2189687487545515,-1.5188262590991208
2024-04-16,NV,Nevada,0.41,0.59,-0.18,42.5275,37.614900000000006,4.912599999999998,0.8200000000000001,-0.0699999999999999,-0.2227499999999906,0.21108703618163202,-1.5554847368064195
2024-04-17,NV,Nevada,0.4,0.59,-0.1899999999999999,42.647099999999995,37.31075,5.336349999999996,0.81,-0.0099999999999999,0.4237499999999983,0.2556263392143649,-1.3640385132183936
2024-04-18,NV,Nevada,0.4,0.575,-0.1749999999999999,42.7838,37.7961,4.987699999999997,0.8250000000000001,0.015,-0.3486499999999992,0.22646124133332232,-1.4851814686429177
2024-04-19,NV,Nevada,0.405,0.575,-0.1699999999999999,42.8278,37.679950000000005,5.147849999999998,0.8300000000000001,0.005,0.1601500000000015,0.25081185619547164,-1.3830521978340633
2024-04-20,NV,Nevada,0.405,0.575,-0.1699999999999999,42.636799999999994,37.3724,5.264399999999995,0.8300000000000001,0.0,0.1165499999999966,0.265003880765858,-1.3280108087036788
2024-04-21,NV,Nevada,0.405,0.575,-0.1699999999999999,42.426550000000006,37.10475,5.321800000000003,0.8300000000000001,0.0,0.0574000000000083,0.2568290289275438,-1.3593446725598746
2024-04-22,NV,Nevada,0.395,0.595,-0.1999999999999999,42.05815,37.40675,4.651399999999995,0.8,-0.03,-0.6704000000000079,0.24246375419213964,-1.4169030470248503
2024-04-23,NV,Nevada,0.395,0.595,-0.1999999999999999,42.02735,37.4989,4.528449999999999,0.8,0.0,-0.1229499999999959,0.22148687933741917,-1.507391926748417
2024-04-24,NV,Nevada,0.395,0.605,-0.2099999999999999,43.1192,37.35405,5.765149999999998,0.79,-0.01,1.236699999999999,0.2470777126112467,-1.3980523658820627
2024-04-25,NV,Nevada,0.395,0.605,-0.2099999999999999,43.010949999999994,37.342299999999994,5.6686499999999995,0.79,0.0,-0.0964999999999989,0.3051949493559694,-1.1868045283458248
2024-04-26,NV,Nevada,0.395,0.605,-0.2099999999999999,43.21425,37.17885,6.035400000000003,0.79,0.0,0.3667500000000032,0.2865375998551404,-1.2498855128514954
2024-04-27,NV,Nevada,0.395,0.605,-0.2099999999999999,43.27045,37.23885,6.031599999999997,0.79,0.0,-0.0038000000000053,0.2115354501252129,-1.5533626816561072
2024-04-28,NV,Nevada,0.395,0.605,-0.2099999999999999,43.438500000000005,37.1436,6.2949000000000055,0.79,0.0,0.2633000000000081,0.29799565863376903,-1.2106763609259088
2024-04-29,NV,Nevada,0.395,0.605,-0.2099999999999999,43.54645,37.15805,6.388399999999997,0.79,0.0,0.0934999999999917,0.27001472465363396,-1.3092787857165826
2024-04-30,NV,Nevada,0.395,0.605,-0.2099999999999999,42.508,37.516450000000006,4.991549999999997,0.79,0.0,-1.3968500000000006,0.2970940744774506,-1.2137064412515122
2024-05-01,NV,Nevada,0.395,0.605,-0.2099999999999999,42.676,37.50295,5.1730500000000035,0.79,0.0,0.1815000000000068,0.29707415766752265,-1.213773482230339
2024-05-02,NV,Nevada,0.46,0.54,-0.08,42.43335,37.51915,4.914199999999994,0.92,0.1299999999999999,-0.2588500000000096,0.2728233873937343,-1.2989306257720665
2024-05-03,NV,Nevada,0.455,0.54,-0.085,42.69395,37.529700000000005,5.164249999999996,0.915,-0.005,0.2500500000000016,0.2313135327683122,-1.4639812040273035
2024-05-04,NV,Nevada,0.46,0.54,-0.08,42.6512,37.522,5.129200000000004,0.92,0.005,-0.0350499999999911,0.2256272102524349,-1.488871153810298
2024-05-05,NV,Nevada,0.46,0.54,-0.08,42.66475,37.4603,5.204450000000001,0.92,0.0,0.0752499999999969,0.2668864041089303,-1.3209321638881404
2024-05-06,NV,Nevada,0.44,0.525,-0.085,42.4843,37.45885,5.025449999999999,0.915,-0.005,-0.179000000000002,0.25237705962840334,-1.3768310413981732
2024-05-07,NV,Nevada,0.47,0.5,-0.03,42.4288,37.4097,5.019100000000002,0.97,0.0549999999999999,-0.0063499999999976,0.24412418345778975,-1.4100782345618463
2024-05-08,NV,Nevada,0.47,0.505,-0.035,42.33825,37.6961,4.642150000000001,0.965,-0.005,-0.3769500000000008,0.2365900895278538,-1.4414262153487218
2024-05-09,NV,Nevada,0.465,0.505,-0.0399999999999999,42.2449,37.606300000000005,4.638599999999997,0.96,-0.0049999999999999,-0.0035500000000041,0.2689169878836405,-1.3133525422337058
2024-05-10,NV,Nevada,0.475,0.5,-0.025,42.24595,37.552800000000005,4.693149999999996,0.975,0.0149999999999999,0.0545499999999989,0.297651966172328,-1.211830373752521
2024-05-11,NV,Nevada,0.475,0.5,-0.025,42.2613,37.7837,4.477599999999995,0.975,0.0,-0.2155500000000003,0.25247858369862736,-1.3764288508990299
2024-05-12,NV,Nevada,0.475,0.5,-0.025,42.215,37.5951,4.619900000000001,0.975,0.0,0.1423000000000058,0.2638005608996754,-1.3325619124704198
2024-05-13,NV,Nevada,0.475,0.495,-0.02,42.85395,36.0267,6.827249999999999,0.98,0.005,2.207349999999998,0.28032574681765426,-1.2718029705251082
2024-05-14,NV,Nevada,0.56,0.44,0.12,42.9427,36.03825,6.904450000000004,0.8799999999999999,0.14,0.0772000000000048,0.2190221828374239,-1.518582262800187
2024-05-15,NV,Nevada,0.57,0.425,0.1449999999999999,43.055499999999995,36.0395,7.015999999999998,0.855,0.0249999999999999,0.111549999999994,0.33600328200340684,-1.090634351199356
2024-05-16,NV,Nevada,0.57,0.425,0.1449999999999999,42.7475,35.8528,6.8947,0.855,0.0,-0.1212999999999979,0.250629791648233,-1.383778362308123
2024-05-17,NV,Nevada,0.585,0.22,0.365,42.7465,35.9624,6.784099999999995,0.635,0.22,-0.1106000000000051,0.2737564218552326,-1.2955165392946808
2024-05-18,NV,Nevada,0.585,0.385,0.1999999999999999,42.7557,35.9518,6.803899999999999,0.8,-0.165,0.0198000000000035,0.24146330536824892,-1.4210377620791987
2024-05-19,NV,Nevada,0.585,0.385,0.1999999999999999,42.52235,35.58355,6.9388000000000005,0.8,0.0,0.1349000000000018,0.2861193504910384,-1.2513462458024138
2024-05-20,NV,Nevada,0.605,0.38,0.2249999999999999,42.6379,35.392700000000005,7.245199999999997,0.775,0.025,0.3063999999999964,0.31202583024570396,-1.1646693053504442
2024-05-21,NV,Nevada,0.605,0.38,0.2249999999999999,42.553799999999995,35.6037,6.950099999999992,0.775,0.0,-0.295100000000005,0.32215176409535484,-1.1327325274064108
2024-05-22,NV,Nevada,0.605,0.375,0.2299999999999999,42.565250000000006,36.7759,5.789350000000006,0.77,0.005,-1.160749999999986,0.24015368683580832,-1.4264761987684178
2024-05-23,NV,Nevada,0.605,0.375,0.2299999999999999,42.9859,36.555049999999994,6.430850000000007,0.77,0.0,0.6415000000000006,0.22913993259625917,-1.4734224026763445
2024-05-24,NV,Nevada,0.605,0.375,0.2299999999999999,43.09925,36.4441,6.655149999999999,0.77,0.0,0.2242999999999924,0.25621757907232473,-1.361728277227304
2024-05-25,NV,Nevada,0.605,0.375,0.2299999999999999,43.15205,36.534499999999994,6.6175500000000085,0.77,0.0,-0.0375999999999905,0.3067483295266475,-1.1817276411218447
2024-05-26,NV,Nevada,0.605,0.375,0.2299999999999999,43.1547,36.5035,6.651199999999996,0.77,0.0,0.0336499999999873,0.3021185194934208,-1.1969358899413873
2024-05-27,NV,Nevada,0.605,0.375,0.2299999999999999,43.1853,36.54435,6.640949999999997,0.77,0.0,-0.0102499999999992,0.2866610288071885,-1.2494548455477583
2024-05-28,NV,Nevada,0.605,0.375,0.2299999999999999,42.5884,36.71445,5.873950000000001,0.77,0.0,-0.7669999999999959,0.31964414199702784,-1.1405469582410126
2024-05-29,NV,Nevada,0.605,0.375,0.2299999999999999,42.29925,36.6483,5.650950000000002,0.77,0.0,-0.2229999999999989,0.33392485768842106,-1.0968392882973292
2024-05-30,NV,Nevada,0.61,0.375,0.235,42.51125,36.30845,6.202799999999996,0.765,0.005,0.5518499999999946,0.2669728512802672,-1.32060830634996
2024-05-31,NV,Nevada,0.61,0.365,0.245,42.50795,36.61705,5.890900000000002,0.755,0.01,-0.3118999999999943,0.3556226451542216,-1.0338850958339143
2024-06-01,NV,Nevada,0.615,0.375,0.24,42.44695,36.747699999999995,5.699250000000006,0.76,-0.005,-0.1916499999999956,0.2826181790586964,-1.2636584829213373
2024-06-02,NV,Nevada,0.615,0.375,0.24,42.49345,36.73545,5.758000000000003,0.76,0.0,0.0587499999999963,0.29038505866160336,-1.2365474482449341
2024-06-03,NV,Nevada,0.615,0.375,0.24,42.6107,36.6418,5.968899999999998,0.76,0.0,0.2108999999999952,0.28667981988242436,-1.2493892961445177
2024-06-04,NV,Nevada,0.615,0.375,0.24,42.5837,36.6539,5.9298,0.76,0.0,-0.0390999999999976,0.27682723497501677,-1.2843616678280394
2024-06-05,NV,Nevada,0.615,0.375,0.24,42.59495,36.81295,5.7819999999999965,0.76,0.0,-0.1478000000000037,0.30635750682089063,-1.1830025360438068
2024-06-06,NV,Nevada,0.615,0.375,0.24,42.8831,37.49305,5.390050000000002,0.76,0.0,-0.3919499999999942,0.3305278263791787,-1.1070644284412998
2024-06-07,NV,Nevada,0.61,0.375,0.235,42.782700000000006,37.4685,5.314200000000007,0.765,-0.005,-0.0758499999999955,0.26820517214403844,-1.3160030236671183
2024-06-08,NV,Nevada,0.61,0.365,0.245,42.65105,37.4976,5.153449999999999,0.755,0.01,-0.1607500000000072,0.32581484603056454,-1.1214260159255385
2024-06-09,NV,Nevada,0.615,0.36,0.255,42.7859,37.6378,5.1480999999999995,0.745,0.01,-0.0053499999999999,0.2690591701689735,-1.3128239601152782
2024-06-10,NV,Nevada,0.615,0.36,0.255,42.7126,37.70885,5.003750000000004,0.745,0.0,-0.1443499999999957,0.3267548677874073,-1.1185450289991568
2024-06-11,NV,Nevada,0.615,0.365,0.25,42.67785,37.67205,5.005800000000001,0.75,-0.005,0.0020499999999969,0.29721587736496824,-1.2132965443993884
2024-06-12,NV,Nevada,0.615,0.365,0.25,42.9958,37.87005,5.125750000000004,0.75,0.0,0.1199500000000028,0.30037668315123195,-1.2027179814414717
2024-06-13,NV,Nevada,0.62,0.32,0.3,43.13435,37.915049999999994,5.219300000000004,0.7,0.0499999999999999,0.0935500000000004,0.33780566934535433,-1.0852844916073119
2024-06-14,NV,Nevada,0.645,0.325,0.32,42.95515,37.6323,5.3228500000000025,0.6799999999999999,0.02,0.1035499999999984,0.3093947722833163,-1.1731372372906463
2024-06-15,NV,Nevada,0.645,0.325,0.32,42.898399999999995,37.6843,5.214099999999995,0.6799999999999999,0.0,-0.1087500000000076,0.2957617843679117,-1.2182009312102353
2024-06-16,NV,Nevada,0.645,0.325,0.32,42.9277,37.65645,5.271250000000002,0.6799999999999999,0.0,0.0571500000000071,0.329718038777714,-1.1095174176995477
2024-06-17,NV,Nevada,0.645,0.325,0.32,42.5999,37.867,4.732900000000001,0.6799999999999999,0.0,-0.5383500000000012,0.31636967798289933,-1.1508438821219513
2024-06-18,NV,Nevada,0.645,0.325,0.32,42.70025,37.95385,4.746399999999994,0.6799999999999999,0.0,0.0134999999999934,0.3707060969810166,-0.9923457217499771
2024-06-19,NV,Nevada,0.645,0.325,0.32,42.90915,38.04205,4.8670999999999935,0.6799999999999999,0.0,0.1206999999999993,0.3636347948989533,-1.0116052257156638
2024-06-20,NV,Nevada,0.655,0.305,0.35,41.66055,38.78085,2.8796999999999997,0.6499999999999999,0.03,-1.9873999999999936,0.3226985229773766,-1.13103675701131
2024-06-21,NV,Nevada,0.655,0.3,0.355,41.7565,38.86945,2.887050000000002,0.645,0.005,0.0073500000000024,0.29492077317871385,-1.2210485242083735
2024-06-22,NV,Nevada,0.665,0.295,0.37,41.80575,38.754000000000005,3.0517499999999984,0.6299999999999999,0.015,0.1646999999999963,0.3118771744826439,-1.1651458402116217
2024-06-23,NV,Nevada,0.665,0.295,0.37,41.9498,38.9027,3.0471000000000004,0.6299999999999999,0.0,-0.004649999999998,0.3129541244315111,-1.161698666495488
2024-06-24,NV,Nevada,0.665,0.295,0.37,42.0257,38.781000000000006,3.2446999999999946,0.6299999999999999,0.0,0.1975999999999942,0.31409134358473784,-1.1580714322418892
2024-06-25,NV,Nevada,0.665,0.295,0.37,42.05215,39.0803,2.9718499999999963,0.6299999999999999,0.0,-0.2728499999999982,0.3173151183239038,-1.1478599347461371
2024-06-26,NV,Nevada,0.665,0.295,0.37,42.34995,39.192,3.1579499999999996,0.6299999999999999,0.0,0.1861000000000032,0.3412806106634856,-1.0750502349279338
2024-06-27,NV,Nevada,0.715,0.28,0.4349999999999999,41.95065,39.245,2.7056500000000057,0.5650000000000001,0.0649999999999998,-0.4522999999999939,0.7798653762144744,-0.2486339687914888
2024-06-28,NV,Nevada,0.72,0.275,0.4449999999999999,42.1902,38.98725,3.202949999999994,0.555,0.01,0.4972999999999885,0.33130077335044505,-1.104728635388504
2024-06-29,NV,Nevada,0.715,0.275,0.4399999999999999,42.37965,38.8314,3.548249999999996,0.56,-0.005,0.3453000000000017,0.3171326193121204,-1.1484352351404514
2024-06-30,NV,Nevada,0.715,0.275,0.4399999999999999,42.45775,38.73705,3.7206999999999937,0.56,0.0,0.1724499999999977,0.2807590908920359,-1.2702583051503906
2024-07-01,NV,Nevada,0.715,0.275,0.4399999999999999,42.63115,38.738,3.8931499999999986,0.56,0.0,0.1724500000000048,0.3765227604339302,-0.976776780889617
2024-07-02,NV,Nevada,0.705,0.285,0.42,42.61685,38.698800000000006,3.918049999999994,0.5800000000000001,-0.0199999999999999,0.0248999999999952,0.3302082344203048,-1.1080318101319881
2024-07-03,NV,Nevada,0.705,0.275,0.4299999999999999,42.814049999999995,38.2778,4.5362499999999955,0.5700000000000001,0.0099999999999999,0.6182000000000016,0.32280502062002037,-1.1307067893615073
2024-07-04,NV,Nevada,0.715,0.255,0.4599999999999999,43.22215,37.627300000000005,5.594849999999994,0.54,0.03,1.0585999999999984,0.3418886410925092,-1.0732702057828682
2024-07-05,NV,Nevada,0.725,0.255,0.47,43.31895,37.65035,5.668599999999998,0.53,0.01,0.0737500000000039,0.29871674418545585,-1.2082594984666009
2024-07-06,NV,Nevada,0.72,0.27,0.4499999999999999,43.279250000000005,38.3528,4.926450000000003,0.55,-0.02,-0.7421499999999952,0.3562391597867673,-1.0321529765309616
2024-07-07,NV,Nevada,0.715,0.27,0.4449999999999999,43.3699,38.413700000000006,4.9561999999999955,0.555,-0.005,0.0297499999999928,0.3883940716441806,-0.9457348062134319
2024-07-08,NV,Nevada,0.715,0.29,0.425,43.135949999999994,37.9991,5.1368499999999955,0.575,-0.0199999999999999,0.1806499999999999,0.3345395974802861,-1.0950000283025432
2024-07-09,NV,Nevada,0.715,0.29,0.425,43.16345,38.180499999999995,4.982950000000002,0.575,0.0,-0.153899999999993,0.35925003979565173,-1.0237366432487522
2024-07-10,NV,Nevada,0.705,0.28,0.4249999999999999,43.32765,38.37715,4.950499999999998,0.5750000000000001,-5.551115123125783e-17,-0.0324500000000043,0.32588241665199896,-1.121218647794519
2024-07-11,NV,Nevada,0.705,0.28,0.4249999999999999,43.3273,38.525099999999995,4.802200000000006,0.5750000000000001,0.0,-0.1482999999999918,0.32857904048202075,-1.1129778597041418
2024-07-12,NV,Nevada,0.705,0.28,0.4249999999999999,43.2118,38.78745,4.424349999999997,0.5750000000000001,0.0,-0.3778500000000093,0.34319279609991454,-1.0694629019734954
2024-07-13,NV,Nevada,0.715,0.24,0.475,43.14415,38.6864,4.457750000000004,0.525,0.05,0.0334000000000074,0.8915844685031488,-0.1147550974257066
2024-07-14,NV,Nevada,0.77,0.235,0.535,43.21915,38.65845,4.560699999999997,0.4649999999999999,0.06,0.1029499999999927,0.30727551151809723,-1.1800105021909242
2024-07-15,NV,Nevada,0.79,0.215,0.5750000000000001,43.3181,38.57155,4.746549999999999,0.4249999999999999,0.04,0.185850000000002,0.3853133197894737,-0.9536984580293737
2024-07-16,NV,Nevada,0.775,0.215,0.56,43.33245,38.65025,4.682200000000002,0.4399999999999999,-0.015,-0.0643499999999974,0.3435732283356284,-1.0683550071123906
2024-07-17,NV,Nevada,0.775,0.215,0.56,43.27375,38.64575,4.628,0.4399999999999999,0.0,-0.0542000000000015,0.36552903289335575,-1.0064095695862116
2024-07-18,NV,Nevada,0.775,0.225,0.55,44.1316,38.390699999999995,5.7409000000000034,0.4499999999999999,-0.01,1.112900000000003,0.356554366887619,-1.0312685489664495
2024-07-19,NV,Nevada,0.695,0.32,0.3749999999999999,44.208,38.6287,5.579299999999996,0.625,-0.1750000000000001,-0.161600000000007,0.4196814404641734,-0.8682593305777812
2024-07-20,NV,Nevada,0.71,0.29,0.42,44.3004,38.645700000000005,5.654699999999998,0.5800000000000001,0.045,0.0754000000000019,0.41813901826800887,-0.871941322161175
2024-07-21,NV,Nevada,0.71,0.3,0.41,44.33055,38.57895,5.751600000000003,0.5900000000000001,-0.01,0.0969000000000051,0.9391731591191709,-0.06275540876730401
2024-07-22,NV,Nevada,0.685,0.32,0.365,44.33055,38.57895,5.751600000000003,0.635,-0.0449999999999999,0.0,0.41694534529425964,-0.8748001322139165
2024-07-23,NV,Nevada,0.655,0.35,0.305,44.33055,38.57895,5.751600000000003,0.695,-0.06,0.0,0.3798684957443477,-0.9679301499862754
2024-07-24,NV,Nevada,0.64,0.365,0.275,44.33055,38.57895,5.751600000000003,0.725,-0.03,0.0,0.4401390664796223,-0.8206645418253677
2024-07-25,NV,Nevada,0.615,0.385,0.2299999999999999,44.33055,38.57895,5.751600000000003,0.77,-0.045,0.0,0.32984195808990324,-1.1091416541170507
2024-07-26,NV,Nevada,0.61,0.375,0.235,44.33055,38.57895,5.751600000000003,0.765,0.005,0.0,0.3930872864000622,-0.9337235889749106
2024-07-27,NV,Nevada,0.61,0.4,0.2099999999999999,44.33055,38.57895,5.751600000000003,0.79,-0.025,0.0,0.35992827785919257,-1.021850495549459
2024-07-28,NV,Nevada,0.605,0.395,0.2099999999999999,44.33055,38.57895,5.751600000000003,0.79,0.0,0.0,0.4100133060146153,-0.8915656661162097
2024-07-29,NV,Nevada,0.605,0.39,0.2149999999999999,44.33055,38.57895,5.751600000000003,0.785,0.005,0.0,0.4288390789370362,-0.8466735377973649
2024-07-30,NV,Nevada,0.605,0.395,0.2099999999999999,44.33055,38.57895,5.751600000000003,0.79,-0.005,0.0,0.3658215306495084,-1.0056096856828451
2024-07-31,NV,Nevada,0.63,0.365,0.265,44.33055,38.57895,5.751600000000003,0.735,0.055,0.0,0.3630902953871928,-1.013103728026726
2024-08-01,NV,Nevada,0.62,0.385,0.235,44.33055,38.57895,5.751600000000003,0.765,-0.03,0.0,0.3930630084738333,-0.9337853530584324
2024-08-02,NV,Nevada,0.605,0.395,0.2099999999999999,44.33055,38.57895,5.751600000000003,0.79,-0.025,0.0,0.38249276888255584,-0.961045530776453
2024-08-03,NV,Nevada,0.605,0.395,0.2099999999999999,44.33055,38.57895,5.751600000000003,0.79,0.0,0.0,0.41074425126807723,-0.8897845178581909
2024-08-04,NV,Nevada,0.585,0.415,0.1699999999999999,44.33055,38.57895,5.751600000000003,0.8300000000000001,-0.0399999999999999,0.0,0.4648193033719641,-0.7661065438163462
2024-08-05,NV,Nevada,0.575,0.425,0.1499999999999999,44.33055,38.57895,5.751600000000003,0.8500000000000001,-0.02,0.0,0.37951208446237017,-0.9688688395378338
2024-08-06,NV,Nevada,0.575,0.41,0.1649999999999999,44.33055,38.57895,5.751600000000003,0.835,0.015,0.0,0.44920443065223864,-0.800277192737644
2024-08-07,NV,Nevada,0.545,0.455,0.09,44.33055,38.57895,5.751600000000003,0.91,-0.0749999999999999,0.0,0.39920912921763374,-0.9182698660246671
2024-08-08,NV,Nevada,0.545,0.455,0.09,44.33055,38.57895,5.751600000000003,0.91,0.0,0.0,0.4148557358350792,-0.8798244436806245
2024-08-09,NV,Nevada,0.52,0.48,0.04,44.33055,38.57895,5.751600000000003,0.96,-0.0499999999999999,0.0,0.4029150476848485,-0.9090295390463105
2024-08-10,NV,Nevada,0.47,0.515,-0.045,43.69855,44.22555,-0.527000000000001,0.955,-0.085,-6.278600000000004,0.46169450922585226,-0.7728518420548502
2024-08-11,NV,Nevada,0.455,0.535,-0.08,43.72505,44.2051,-0.4800499999999985,0.92,-0.0349999999999999,0.0469500000000024,0.41506869320935924,-0.8793112466436385
2024-08-12,NV,Nevada,0.46,0.535,-0.075,43.87755,44.4986,-0.6210500000000039,0.925,0.005,-0.1410000000000053,0.3949283394710301,-0.9290509496001268
2024-08-13,NV,Nevada,0.445,0.535,-0.09,43.9359,44.49295,-0.5570500000000038,0.91,-0.015,0.064,0.4223261701407401,-0.8619773484656698
2024-08-14,NV,Nevada,0.455,0.545,-0.09,44.4682,44.3398,0.1284000000000063,0.91,0.0,0.6854500000000101,0.4329660274257751,-0.8370960126586655
2024-08-15,NV,Nevada,0.485,0.515,-0.03,44.423649999999995,44.41395,0.0096999999999951,0.97,0.06,-0.1187000000000111,0.4366391491067127,-0.8286481707535955
2024-08-16,NV,Nevada,0.485,0.515,-0.03,44.573350000000005,44.3291,0.244250000000008,0.97,0.0,0.2345500000000129,0.3737638359525661,-0.9841311356913572
2024-08-17,NV,Nevada,0.485,0.515,-0.03,45.19825,44.0151,1.1831500000000048,0.97,0.0,0.9388999999999968,0.41888541497806697,-0.8701578690664967
2024-08-18,NV,Nevada,0.505,0.495,0.01,45.2374,44.1962,1.0412000000000037,0.99,0.04,-0.1419500000000013,0.37355301094657006,-0.9846953542352419
2024-08-19,NV,Nevada,0.525,0.455,0.07,44.47315,44.65965,-0.1865000000000023,0.93,0.06,-1.2277000000000058,0.379856478658914,-0.967961785343384
2024-08-20,NV,Nevada,0.525,0.47,0.055,44.5989,44.6173,-0.0183999999999997,0.945,-0.0149999999999999,0.1681000000000025,0.3783780872957652,-0.971861352319025
2024-08-21,NV,Nevada,0.535,0.465,0.07,44.4757,44.86955,-0.3938499999999933,0.93,0.0149999999999999,-0.3754499999999936,0.3975222875283602,-0.9225042772058359
2024-08-22,NV,Nevada,0.545,0.445,0.1,44.3976,45.004850000000005,-0.6072500000000076,0.8999999999999999,0.03,-0.2134000000000142,0.4335759584182163,-0.8356882768463652
2024-08-23,NV,Nevada,0.535,0.46,0.075,44.424499999999995,45.1636,-0.7391000000000076,0.925,-0.025,-0.13185,0.43471190031729035,-0.8330717654309099
2024-08-24,NV,Nevada,0.535,0.465,0.07,44.40895,45.04635,-0.6373999999999995,0.93,-0.005,0.1017000000000081,0.41972576697120323,-0.8681537167429739
2024-08-25,NV,Nevada,0.535,0.465,0.07,44.3885,45.06685,-0.6783500000000018,0.93,0.0,-0.0409500000000022,0.4438059833922701,-0.812367786392756
2024-08-26,NV,Nevada,0.535,0.465,0.07,44.49105,44.903000000000006,-0.4119500000000045,0.93,0.0,0.2663999999999973,0.4082904981670122,-0.8957763526221995
2024-08-27,NV,Nevada,0.535,0.465,0.07,44.4133,44.93955,-0.5262499999999974,0.93,0.0,-0.1142999999999929,0.4680585642700476,-0.7591618535643512
2024-08-28,NV,Nevada,0.525,0.465,0.06,44.2569,45.586,-1.3290999999999968,0.94,-0.01,-0.8028499999999994,0.4177443506793828,-0.8728856348072108
2024-08-29,NV,Nevada,0.525,0.465,0.06,44.57825,45.944,-1.3657500000000056,0.94,0.0,-0.0366500000000087,0.47862418330377354,-0.7368395755245547
2024-08-30,NV,Nevada,0.505,0.495,0.01,44.6886,45.85795,-1.1693500000000014,0.99,-0.0499999999999999,0.1964000000000041,0.4395179837168949,-0.8220766441118068
2024-08-31,NV,Nevada,0.505,0.495,0.01,44.9551,45.7038,-0.7486999999999995,0.99,0.0,0.4206500000000019,0.46336935460188833,-0.7692308008023149
2024-09-01,NV,Nevada,0.505,0.495,0.01,44.9306,45.703500000000005,-0.772900000000007,0.99,0.0,-0.0242000000000075,0.4295067303888059,-0.8451178673923488
2024-09-02,NV,Nevada,0.505,0.495,0.01,44.9798,45.7231,-0.743300000000005,0.99,0.0,0.029600000000002,0.38987205654151247,-0.9419366538319158
2024-09-03,NV,Nevada,0.505,0.475,0.03,45.01045,45.75455,-0.7441000000000031,0.97,0.02,-0.0007999999999981,0.4373762233023972,-0.8269615313793115
2024-09-04,NV,Nevada,0.51,0.475,0.035,45.08575,45.73855,-0.6527999999999992,0.965,0.005,0.0913000000000039,0.42213719237577174,-0.8624249173632944
2024-09-05,NV,Nevada,0.51,0.475,0.035,45.305,45.8374,-0.5324000000000026,0.965,0.0,0.1203999999999965,0.4981277241516283,-0.6968987606413125
2024-09-06,NV,Nevada,0.525,0.475,0.05,45.31675,45.91535,-0.5985999999999976,0.95,0.015,-0.0661999999999949,0.43459319728934476,-0.833344864091001
2024-09-07,NV,Nevada,0.535,0.465,0.07,45.3648,45.9265,-0.5616999999999948,0.93,0.0199999999999999,0.0369000000000028,0.4977316575949939,-0.6976941873547156
2024-09-08,NV,Nevada,0.535,0.465,0.07,45.431,45.92385,-0.4928500000000042,0.93,0.0,0.0688499999999905,0.4649690083543564,-0.7657845243162129
2024-09-09,NV,Nevada,0.535,0.455,0.08,45.54235,45.98845,-0.4461000000000013,0.92,0.01,0.0467500000000029,0.5125639003470179,-0.6683298921379909
2024-09-10,NV,Nevada,0.54,0.455,0.085,45.513549999999995,45.6911,-0.1775500000000036,0.915,0.005,0.2685499999999976,1.0837221311606033,0.08040153358991182
2024-09-11,NV,Nevada,0.54,0.455,0.085,45.5016,45.57265,-0.0710499999999996,0.915,0.0,0.106500000000004,0.5150626167985061,-0.6634667996928649
2024-09-12,NV,Nevada,0.505,0.495,0.01,45.4593,45.7594,-0.3001000000000005,0.99,-0.075,-0.2290500000000008,0.432902959844806,-0.837241687309237
2024-09-13,NV,Nevada,0.505,0.495,0.01,45.4593,45.7594,-0.3001000000000005,0.99,0.0,0.0,0.44756471475953985,-0.8039341377350232
2024-09-14,NV,Nevada,0.495,0.495,0.0,45.4593,45.7594,-0.3001000000000005,1.0,-0.01,0.0,0.43078102835065424,-0.8421553728528667
2024-09-15,NV,Nevada,0.5,0.495,0.005,45.4593,45.7594,-0.3001000000000005,0.995,0.005,0.0,0.4544771769551456,-0.7886075823457067
2024-09-16,NV,Nevada,0.495,0.495,0.0,45.4593,45.7594,-0.3001000000000005,1.0,-0.005,0.0,0.5043981722188374,-0.6843892985719321
2024-09-17,NV,Nevada,0.485,0.505,-0.02,45.4593,45.7594,-0.3001000000000005,0.98,-0.02,0.0,0.4656790324048212,-0.7642586538321426
2024-09-18,NV,Nevada,0.485,0.505,-0.02,45.4593,45.7594,-0.3001000000000005,0.98,0.0,0.0,0.4949803177742604,-0.7032372792761802
2024-09-19,NV,Nevada,0.485,0.505,-0.02,45.4593,45.7594,-0.3001000000000005,0.98,0.0,0.0,0.4206752184584167,-0.8658941956152707
2024-09-20,NV,Nevada,0.485,0.51,-0.025,45.4593,45.7594,-0.3001000000000005,0.975,-0.005,0.0,0.4795027459598722,-0.7350056579599797
2024-09-21,NV,Nevada,0.495,0.505,-0.01,45.4593,45.7594,-0.3001000000000005,0.99,0.015,0.0,0.4409244935592582,-0.818881634613411
2024-09-22,NV,Nevada,0.495,0.505,-0.01,45.4593,45.7594,-0.3001000000000005,0.99,0.0,0.0,0.40484763215763225,-0.9042444995576638
2024-09-23,NV,Nevada,0.495,0.505,-0.01,45.4593,45.7594,-0.3001000000000005,0.99,0.0,0.0,0.4328414251797392,-0.8373838416592617
2024-09-24,NV,Nevada,0.495,0.505,-0.01,45.4593,45.7594,-0.3001000000000005,0.99,0.0,0.0,0.4567061426414959,-0.783715108823619
2024-09-25,NV,Nevada,0.495,0.505,-0.01,45.4593,45.7594,-0.3001000000000005,0.99,0.0,0.0,0.4665354625698336,-0.7624212432134985
2024-09-26,NV,Nevada,0.495,0.505,-0.01,45.4593,45.7594,-0.3001000000000005,0.99,0.0,0.0,0.4554047625030768,-0.7865686675611622
2024-09-27,NV,Nevada,0.495,0.505,-0.01,45.4593,45.7594,-0.3001000000000005,0.99,0.0,0.0,0.4545196710234892,-0.7885140857214465
2024-09-28,NV,Nevada,0.485,0.515,-0.03,45.4593,45.7594,-0.3001000000000005,0.97,-0.02,0.0,0.46030176287509,-0.7758729983268443
2024-09-29,NV,Nevada,0.485,0.515,-0.03,45.4593,45.7594,-0.3001000000000005,0.97,0.0,0.0,0.47466825930076134,-0.7451391204154967
2024-09-30,NV,Nevada,0.475,0.525,-0.05,45.4593,45.7594,-0.3001000000000005,0.95,-0.02,0.0,0.4825679811968186,-0.7286334744555147
2024-10-01,NV,Nevada,0.475,0.525,-0.05,45.4593,45.7594,-0.3001000000000005,0.95,0.0,0.0,0.5295322631548082,-0.6357611844375047
2024-10-02,NV,Nevada,0.475,0.525,-0.05,45.4593,45.7594,-0.3001000000000005,0.95,0.0,0.0,0.5105064905911804,-0.6723519272737548
2024-10-03,NV,Nevada,0.475,0.525,-0.05,45.4593,45.7594,-0.3001000000000005,0.95,0.0,0.0,0.4926762295970149,-0.7079030557817372
2024-10-04,NV,Nevada,0.475,0.525,-0.05,45.4593,45.7594,-0.3001000000000005,0.95,0.0,0.0,0.5124433895144689,-0.668565033554635
2024-10-05,NV,Nevada,0.475,0.515,-0.04,45.4593,45.7594,-0.3001000000000005,0.96,0.01,0.0,1.705784224499953,0.534024960706721
2024-10-06,NV,Nevada,0.475,0.525,-0.05,45.4593,45.7594,-0.3001000000000005,0.95,-0.01,0.0,1.6570536542111087,0.5050411182527885
2024-10-07,NV,Nevada,0.475,0.525,-0.05,45.4593,45.7594,-0.3001000000000005,0.95,0.0,0.0,1.6091246930651697,0.47569036225122496
2024-10-08,NV,Nevada,0.475,0.515,-0.04,45.4593,45.7594,-0.3001000000000005,0.96,0.01,0.0,1.799777628735579,0.58766311767913
2024-10-09,NV,Nevada,0.475,0.515,-0.04,45.4593,45.7594,-0.3001000000000005,0.96,0.0,0.0,1.5307550247093236,0.42576109388520444
2024-10-10,NV,Nevada,0.475,0.515,-0.04,45.4593,45.7594,-0.3001000000000005,0.96,0.0,0.0,1.4682873576323532,0.3840966587422041
2024-10-11,NV,Nevada,0.485,0.515,-0.03,45.4593,45.7594,-0.3001000000000005,0.97,0.01,0.0,1.731465100820825,0.5489679291971088
2024-10-12,NV,Nevada,0.495,0.505,-0.01,45.4593,45.7594,-0.3001000000000005,0.99,0.02,0.0,1.7149404011853848,0.5393783285186536
2024-10-13,NV,Nevada,0.495,0.505,-0.01,45.4593,45.7594,-0.3001000000000005,0.99,0.0,0.0,1.5560550487513016,0.44215380350527245
2024-10-14,NV,Nevada,0.495,0.505,-0.01,45.4593,45.7594,-0.3001000000000005,0.99,0.0,0.0,1.5569020356028862,0.4426979721844632
2024-10-15,NV,Nevada,0.495,0.505,-0.01,45.4593,45.7594,-0.3001000000000005,0.99,0.0,0.0,1.5299208176102739,0.4252159808692018
2024-10-16,NV,Nevada,0.495,0.505,-0.01,45.4593,45.7594,-0.3001000000000005,0.99,0.0,0.0,1.6084708353830384,0.47528393597088564
2024-10-17,NV,Nevada,0.51,0.495,0.015,45.4593,45.7594,-0.3001000000000005,0.985,0.025,0.0,1.7730422810721238,0.5726968740001303
2024-10-18,NV,Nevada,0.505,0.5,0.005,45.4593,45.7594,-0.3001000000000005,0.995,-0.01,0.0,1.686635338308515,0.522735620333377
2024-10-19,NV,Nevada,0.505,0.495,0.01,45.4593,45.7594,-0.3001000000000005,0.99,0.005,0.0,1.6153702690135379,0.4795641991355917
2024-10-20,NV,Nevada,0.505,0.495,0.01,45.4593,45.7594,-0.3001000000000005,0.99,0.0,0.0,1.625672320305764,0.48592146578951656
2024-10-21,NV,Nevada,0.545,0.445,0.1,45.4593,45.7594,-0.3001000000000005,0.8999999999999999,0.09,0.0,1.5109502396521977,0.41273875068492694
2024-10-22,NV,Nevada,0.555,0.425,0.13,45.4593,45.7594,-0.3001000000000005,0.8699999999999999,0.03,0.0,1.614985042723823,0.4793256951604152
2024-10-23,NV,Nevada,0.635,0.37,0.265,45.4593,45.7594,-0.3001000000000005,0.735,0.1349999999999999,0.0,1.7841886830533342,0.5789637926085444
2024-10-24,NV,Nevada,0.625,0.37,0.255,45.4593,45.7594,-0.3001000000000005,0.745,-0.01,0.0,1.8697632671334978,0.6258118277368807
2024-10-25,NV,Nevada,0.635,0.365,0.27,45.4593,45.7594,-0.3001000000000005,0.73,0.015,0.0,1.809959421014188,0.5933044256972396
2024-10-26,NV,Nevada,0.66,0.345,0.315,45.4593,45.7594,-0.3001000000000005,0.6849999999999999,0.045,0.0,1.5990369790112855,0.46940155992042104
2024-10-27,NV,Nevada,0.65,0.35,0.3,45.4593,45.7594,-0.3001000000000005,0.7,-0.015,0.0,1.9085726993423062,0.6463556848760293
2024-10-28,NV,Nevada,0.645,0.355,0.29,45.4593,45.7594,-0.3001000000000005,0.71,-0.01,0.0,1.8782859209342824,0.6303596167664267
2024-10-29,NV,Nevada,0.655,0.345,0.31,45.4593,45.7594,-0.3001000000000005,0.69,0.02,0.0,1.889622930626339,0.6363773015621497
2024-10-30,NV,Nevada,0.66,0.34,0.32,45.4593,45.7594,-0.3001000000000005,0.6799999999999999,0.0099999999999999,0.0,1.7198015521819947,0.5422089075305901
2024-10-31,NV,Nevada,0.665,0.335,0.33,45.4593,45.7594,-0.3001000000000005,0.6699999999999999,0.01,0.0,1.7218626562985306,0.5434066445776023
2024-11-01,NV,Nevada,0.63,0.37,0.26,45.4593,45.7594,-0.3001000000000005,0.74,-0.07,0.0,1.7209322127626658,0.5428661281693322
2024-11-02,NV,Nevada,0.635,0.365,0.27,45.4593,45.7594,-0.3001000000000005,0.73,0.01,0.0,1.637783737105296,0.49334394808508547
2024-11-03,NV,Nevada,0.57,0.425,0.1449999999999999,45.4593,45.7594,-0.3001000000000005,0.855,-0.125,0.0,1.6639791062928433,0.5092117860057886
2024-11-04,NV,Nevada,0.585,0.42,0.1649999999999999,45.4593,45.7594,-0.3001000000000005,0.835,0.02,0.0,1.7239466756752815,0.5446162411803577
2024-11-05,NV,Nevada,0.555,0.435,0.12,45.4593,45.7594,-0.3001000000000005,0.8799999999999999,-0.0449999999999999,0.0,1.7726866465254887,0.572496275164128
2024-11-06,NV,Nevada,0.54,0.46,0.08,45.4593,45.7594,-0.3001000000000005,0.92,-0.04,0.0,1.8733789405011119,0.627743720404371
2024-11-07,NV,Nevada,0.995,0.002,0.993,45.4593,45.7594,-0.3001000000000005,0.007,0.913,0.0,1.7756892431036495,0.5741886535300122
2024-11-08,NV,Nevada,0.998,0.001,0.997,45.4593,45.7594,-0.3001000000000005,0.003,0.004,0.0,1.6271863299666682,0.4868523453222662
2024-11-09,NV,Nevada,0.9985,0.0005,0.998,45.4593,45.7594,-0.3001000000000005,0.0019999999999998,0.0010000000000001,0.0,1.9484739013146228,0.6670464514624391
2024-03-08,PA,Pennsylvania,0.505,0.495,0.01,43.4744,40.2851,3.189300000000003,0.99,,,1.4383529543552134,0.3634986772726474
2024-03-09,PA,Pennsylvania,0.505,0.495,0.01,43.45885,40.223749999999995,3.2351000000000028,0.99,0.0,0.0457999999999998,1.1477407865453437,0.1377954767094801
2024-03-10,PA,Pennsylvania,0.505,0.495,0.01,43.408,40.2583,3.149700000000003,0.99,0.0,-0.0853999999999999,1.1507646491777543,0.14042663374737738
2024-03-11,PA,Pennsylvania,0.505,0.495,0.01,43.34010000000001,40.31885,3.021250000000009,0.99,0.0,-0.1284499999999937,1.2204379719408869,0.19920978771662398
2024-03-12,PA,Pennsylvania,0.505,0.495,0.01,43.2872,40.74175,2.5454499999999953,0.99,0.0,-0.4758000000000137,1.2192992593350018,0.19827631613290256
2024-03-13,PA,Pennsylvania,0.505,0.495,0.01,43.07565,41.5859,1.4897500000000008,0.99,0.0,-1.0556999999999943,0.8786833962566793,-0.12933063246326112
2024-03-14,PA,Pennsylvania,0.505,0.495,0.01,43.7003,41.4284,2.271899999999995,0.99,0.0,0.7821499999999943,0.9929111637612023,-0.007114081415101127
2024-03-15,PA,Pennsylvania,0.505,0.495,0.01,43.58605,41.31765,2.2683999999999997,0.99,0.0,-0.0034999999999953,1.19145513842806,0.17517536550755333
2024-03-16,PA,Pennsylvania,0.505,0.495,0.01,43.4476,41.3276,2.1200000000000045,0.99,0.0,-0.1483999999999952,1.1664683159664422,0.15398065048718257
2024-03-17,PA,Pennsylvania,0.505,0.495,0.01,43.56845,41.4976,2.07085,0.99,0.0,-0.0491500000000044,0.9114354479407234,-0.09273450696452719
2024-03-18,PA,Pennsylvania,0.505,0.495,0.01,43.44185,41.478449999999995,1.9634000000000071,0.99,0.0,-0.1074499999999929,1.0953632534015845,0.09108604652177894
2024-03-19,PA,Pennsylvania,0.505,0.495,0.01,43.39075,41.49025,1.900499999999994,0.99,0.0,-0.0629000000000132,1.139078647519922,0.13021973170363696
2024-03-20,PA,Pennsylvania,0.505,0.495,0.01,43.48345,41.60745,1.8759999999999977,0.99,0.0,-0.0244999999999961,1.2888461648963416,0.2537473723014428
2024-03-21,PA,Pennsylvania,0.505,0.495,0.01,43.52055,41.72965,1.7909000000000006,0.99,0.0,-0.085099999999997,0.929876086685867,-0.07270394183481282
2024-03-22,PA,Pennsylvania,0.505,0.495,0.01,43.38065,41.5309,1.84975,0.99,0.0,0.0588499999999996,1.1062689281150013,0.10099302735407827
2024-03-23,PA,Pennsylvania,0.505,0.495,0.01,43.3851,41.5319,1.853200000000001,0.99,0.0,0.0034500000000008,1.3756489217366872,0.31892556286965196
2024-03-24,PA,Pennsylvania,0.495,0.495,0.0,43.3055,41.6299,1.6756000000000029,1.0,-0.01,-0.1775999999999982,1.05958067689983,0.05787324202811962
2024-03-25,PA,Pennsylvania,0.495,0.495,0.0,43.56385,41.9907,1.5731500000000054,1.0,0.0,-0.1024499999999974,1.3334614350121023,0.2877781440958295
2024-03-26,PA,Pennsylvania,0.495,0.495,0.0,43.794,41.48165,2.312349999999995,1.0,0.0,0.7391999999999896,1.0663139393995746,0.06420778463738532
2024-03-27,PA,Pennsylvania,0.495,0.495,0.0,44.1191,41.227149999999995,2.8919500000000085,1.0,0.0,0.5796000000000134,1.0344421400750388,0.033862286310677794
2024-03-28,PA,Pennsylvania,0.495,0.495,0.0,44.014,41.22525,2.7887500000000003,1.0,0.0,-0.1032000000000081,1.228207014112586,0.2055553937848095
2024-03-29,PA,Pennsylvania,0.495,0.495,0.0,44.1426,41.05915,3.083449999999999,1.0,0.0,0.2946999999999988,1.2843424387826163,0.2502468665816773
2024-03-30,PA,Pennsylvania,0.495,0.495,0.0,44.11345,41.17455,2.9388999999999967,1.0,0.0,-0.1445500000000024,1.3938950605337326,0.3321020301171305
2024-03-31,PA,Pennsylvania,0.495,0.495,0.0,44.0743,41.15805,2.916249999999998,1.0,0.0,-0.0226499999999987,1.5064450545315675,0.40975260665728647
2024-04-01,PA,Pennsylvania,0.495,0.495,0.0,44.06005,41.167950000000005,2.892099999999992,1.0,0.0,-0.0241500000000058,1.2721011125692854,0.24066995277227632
2024-04-02,PA,Pennsylvania,0.495,0.495,0.0,43.6604,41.22235,2.438050000000004,1.0,0.0,-0.4540499999999881,1.2235823608366525,0.20178291739849336
2024-04-03,PA,Pennsylvania,0.495,0.495,0.0,43.683800000000005,41.644450000000006,2.039349999999999,1.0,0.0,-0.3987000000000051,1.0711003074571992,0.06868644483648638
2024-04-04,PA,Pennsylvania,0.495,0.495,0.0,43.5785,41.817,1.761499999999998,1.0,0.0,-0.2778500000000008,1.0776821403598502,0.07481256848727572
2024-04-05,PA,Pennsylvania,0.495,0.495,0.0,43.5861,41.78945,1.7966499999999996,1.0,0.0,0.0351500000000015,1.4927247790431022,0.4006031606687382
2024-04-06,PA,Pennsylvania,0.495,0.505,-0.01,43.4342,41.5348,1.8994,0.99,-0.01,0.1027500000000003,1.0782194575696786,0.07531103021806136
2024-04-07,PA,Pennsylvania,0.49,0.505,-0.015,43.47975,41.43225,2.047499999999999,0.985,-0.005,0.1480999999999994,1.043725460735293,0.042796486233774855
2024-04-08,PA,Pennsylvania,0.415,0.585,-0.1699999999999999,43.36435,41.4122,1.9521500000000032,0.8300000000000001,-0.1549999999999999,-0.0953499999999962,1.291938298248806,0.2561436474466491
2024-04-09,PA,Pennsylvania,0.42,0.575,-0.1549999999999999,43.1189,42.01645,1.1024499999999977,0.845,0.015,-0.8497000000000057,1.1200579103924242,0.11338038967783076
2024-04-10,PA,Pennsylvania,0.42,0.575,-0.1549999999999999,43.0414,41.98205,1.059350000000002,0.845,0.0,-0.0430999999999954,1.1234714476423708,0.11642339856185235
2024-04-11,PA,Pennsylvania,0.42,0.575,-0.1549999999999999,43.0145,41.53695,1.4775500000000008,0.845,0.0,0.4181999999999988,1.3596035637103867,0.3071931599825984
2024-04-12,PA,Pennsylvania,0.42,0.575,-0.1549999999999999,43.04305,41.4691,1.5739500000000035,0.845,0.0,0.0964000000000027,1.3443522166194104,0.29591227370473966
2024-04-13,PA,Pennsylvania,0.415,0.575,-0.1599999999999999,43.00855,41.56525,1.4433000000000007,0.8400000000000001,-0.005,-0.1306500000000028,1.3745728498745622,0.3181430282187052
2024-04-14,PA,Pennsylvania,0.41,0.575,-0.1649999999999999,42.94105,41.6739,1.2671499999999938,0.835,-0.005,-0.1761500000000069,1.4099656161224556,0.34356531836398535
2024-04-15,PA,Pennsylvania,0.41,0.575,-0.1649999999999999,43.0242,41.6152,1.408999999999999,0.835,0.0,0.1418500000000051,1.3617620252506402,0.30877946797563954
2024-04-16,PA,Pennsylvania,0.41,0.575,-0.1649999999999999,42.76485,41.52395,1.2409000000000034,0.835,0.0,-0.1680999999999954,1.2445605083475202,0.21878246225226056
2024-04-17,PA,Pennsylvania,0.41,0.575,-0.1649999999999999,42.84945,41.29825,1.5511999999999944,0.835,0.0,0.3102999999999909,1.3237346468404303,0.28045701963424957
2024-04-18,PA,Pennsylvania,0.41,0.575,-0.1649999999999999,43.17915,41.64435,1.534799999999997,0.835,0.0,-0.0163999999999973,1.387425779215276,0.32745007275022125
2024-04-19,PA,Pennsylvania,0.41,0.575,-0.1649999999999999,43.126450000000006,41.51965,1.606800000000007,0.835,0.0,0.0720000000000098,1.1608450784089344,0.1491482557491707
2024-04-20,PA,Pennsylvania,0.41,0.585,-0.175,43.087149999999994,41.41715,1.6699999999999946,0.825,-0.01,0.0631999999999877,1.3375146003596972,0.2908131158852267
2024-04-21,PA,Pennsylvania,0.415,0.585,-0.1699999999999999,42.95335,41.20845,1.7449000000000012,0.8300000000000001,0.005,0.0749000000000066,1.3348840121287213,0.2888444057771439
2024-04-22,PA,Pennsylvania,0.41,0.585,-0.175,42.54515000000001,41.55185,0.993300000000005,0.825,-0.005,-0.7515999999999963,1.3336028325418217,0.28788417643376146
2024-04-23,PA,Pennsylvania,0.41,0.585,-0.175,42.55355,41.6109,0.9426500000000004,0.825,0.0,-0.0506500000000045,1.25012528525129,0.22324377449273128
2024-04-24,PA,Pennsylvania,0.41,0.585,-0.175,42.81115,41.80415,1.006999999999998,0.825,0.0,0.0643499999999974,1.4115780653454093,0.3447082738383799
2024-04-25,PA,Pennsylvania,0.365,0.615,-0.25,42.63025,41.76125,0.8689999999999998,0.75,-0.075,-0.1379999999999981,1.7562067501543495,0.5631562275500541
2024-04-26,PA,Pennsylvania,0.365,0.615,-0.25,42.79235,41.7449,1.0474499999999978,0.75,0.0,0.178449999999998,1.6207368821168366,0.48288091132855965
2024-04-27,PA,Pennsylvania,0.375,0.605,-0.2299999999999999,42.96275,41.86165,1.1011000000000024,0.77,0.02,0.0536500000000046,1.3659897058818848,0.31187922516257827
2024-04-28,PA,Pennsylvania,0.38,0.605,-0.2249999999999999,43.55970000000001,41.9589,1.6008000000000069,0.775,0.005,0.4997000000000042,1.5063109776865182,0.4096636005487904
2024-04-29,PA,Pennsylvania,0.385,0.605,-0.2199999999999999,43.58825,41.88225,1.706000000000003,0.78,0.005,0.1051999999999964,1.5670979821005795,0.4492254898814601
2024-04-30,PA,Pennsylvania,0.38,0.605,-0.2249999999999999,43.55255,41.7286,1.8239499999999964,0.775,-0.005,0.1179499999999933,1.514847315546775,0.41531465206519363
2024-05-01,PA,Pennsylvania,0.38,0.605,-0.2249999999999999,43.63365,41.74005,1.8936000000000064,0.775,0.0,0.0696500000000099,1.7221576703055983,0.5435779641284832
2024-05-02,PA,Pennsylvania,0.445,0.53,-0.085,43.456050000000005,41.69285,1.7632000000000048,0.915,0.1399999999999999,-0.1304000000000016,1.5703644894424433,0.45130775129605116
2024-05-03,PA,Pennsylvania,0.445,0.53,-0.085,43.57495,41.7223,1.852650000000004,0.915,0.0,0.0894499999999993,1.320210780423699,0.2777914059896097
2024-05-04,PA,Pennsylvania,0.445,0.53,-0.085,43.503600000000006,41.72925,1.7743500000000054,0.915,0.0,-0.0782999999999987,1.50928078995734,0.41163323931939355
2024-05-05,PA,Pennsylvania,0.445,0.53,-0.085,43.619150000000005,41.6903,1.928850000000004,0.915,0.0,0.1544999999999987,1.5191091327919808,0.41812406618890724
2024-05-06,PA,Pennsylvania,0.445,0.53,-0.085,43.4148,41.63915,1.7756499999999988,0.915,0.0,-0.1532000000000053,1.469469329462087,0.3849013352483994
2024-05-07,PA,Pennsylvania,0.445,0.525,-0.08,43.29385,41.38835,1.9054999999999964,0.92,0.005,0.1298499999999975,1.3753001160718474,0.3186719735359965
2024-05-08,PA,Pennsylvania,0.455,0.525,-0.07,43.2858,41.781400000000005,1.5043999999999969,0.93,0.01,-0.4010999999999995,1.3752466603627371,0.3186331043849063
2024-05-09,PA,Pennsylvania,0.455,0.525,-0.07,43.21285,41.689800000000005,1.5230499999999978,0.93,0.0,0.0186500000000009,1.5082674855102616,0.410961631515532
2024-05-10,PA,Pennsylvania,0.46,0.525,-0.065,43.1323,41.768550000000005,1.363749999999996,0.935,0.005,-0.1593000000000017,1.7608783388191305,0.5658127407101903
2024-05-11,PA,Pennsylvania,0.46,0.525,-0.065,43.18365,41.7639,1.4197500000000003,0.935,0.0,0.0560000000000044,1.6807051164252975,0.5192134175185725
2024-05-12,PA,Pennsylvania,0.46,0.525,-0.065,43.1462,41.65195,1.494250000000001,0.935,0.0,0.0745000000000004,1.3052580917317105,0.266400792662387
2024-05-13,PA,Pennsylvania,0.465,0.525,-0.06,42.7633,40.983,1.780300000000004,0.94,0.005,0.286050000000003,1.5251320854703891,0.42208101973185497
2024-05-14,PA,Pennsylvania,0.475,0.515,-0.04,42.8558,40.945350000000005,1.910449999999997,0.96,0.0199999999999999,0.1301499999999933,1.4506692410305493,0.37202499549141305
2024-05-15,PA,Pennsylvania,0.475,0.515,-0.04,43.0059,40.9538,2.052099999999996,0.96,0.0,0.1416499999999985,1.8776815115367693,0.6300377772331524
2024-05-16,PA,Pennsylvania,0.475,0.515,-0.04,42.9253,41.08795,1.8373500000000007,0.96,0.0,-0.2147499999999951,1.525799892204753,0.422518792025643
2024-05-17,PA,Pennsylvania,0.475,0.515,-0.04,42.9269,41.12775,1.7991500000000045,0.96,0.0,-0.0381999999999962,1.6039114216535146,0.4724452845114209
2024-05-18,PA,Pennsylvania,0.475,0.515,-0.04,42.91485,41.1118,1.803049999999999,0.96,0.0,0.0038999999999944,1.6182234817857075,0.48132893133915905
2024-05-19,PA,Pennsylvania,0.475,0.515,-0.04,42.7739,40.8566,1.9172999999999971,0.96,0.0,0.1142499999999984,1.6845140459440273,0.5214771221758197
2024-05-20,PA,Pennsylvania,0.475,0.515,-0.04,42.821,40.62795,2.1930499999999995,0.96,0.0,0.2757500000000021,1.538487624185604,0.4307998716693503
2024-05-21,PA,Pennsylvania,0.48,0.505,-0.025,42.76655,40.74765,2.018900000000002,0.975,0.015,-0.1741499999999973,1.7242993896373933,0.5448208170468481
2024-05-22,PA,Pennsylvania,0.49,0.505,-0.015,42.7221,41.1682,1.5538999999999987,0.985,0.01,-0.4650000000000034,1.5423251986462734,0.4332911469698419
2024-05-23,PA,Pennsylvania,0.49,0.505,-0.015,42.8646,41.051199999999994,1.8134000000000088,0.985,0.0,0.2595000000000098,1.3321321041190293,0.2867807444669959
2024-05-24,PA,Pennsylvania,0.49,0.505,-0.015,42.97385,40.86775,2.106099999999998,0.985,0.0,0.2926999999999893,1.5043932501471728,0.40838966086320033
2024-05-25,PA,Pennsylvania,0.49,0.505,-0.015,43.117050000000006,40.9626,2.154450000000004,0.985,0.0,0.0483500000000063,1.850802987259937,0.6156195920865439
2024-05-26,PA,Pennsylvania,0.49,0.505,-0.015,43.089650000000006,40.94075,2.1489000000000047,0.985,0.0,-0.0055499999999995,1.6669509373616926,0.510996171638891
2024-05-27,PA,Pennsylvania,0.49,0.505,-0.015,43.09235,40.98835,2.1040000000000063,0.985,0.0,-0.0448999999999983,1.7006866182982476,0.5310320626359175
2024-05-28,PA,Pennsylvania,0.49,0.5,-0.01,43.06145,40.9598,2.1016499999999994,0.99,0.005,-0.0023500000000069,1.7792553606213712,0.576194940047206
2024-05-29,PA,Pennsylvania,0.49,0.5,-0.01,42.81375,40.9347,1.8790499999999992,0.99,0.0,-0.2225999999999999,1.7217605962732812,0.5433473697860274
2024-05-30,PA,Pennsylvania,0.49,0.5,-0.01,43.07825,40.6262,2.45205,0.99,0.0,0.5730000000000004,1.3752638858960706,0.3186456297201442
2024-05-31,PA,Pennsylvania,0.49,0.495,-0.005,42.7903,40.80435,1.9859500000000023,0.995,0.005,-0.4660999999999973,1.6610259475479023,0.5074354521514666
2024-06-01,PA,Pennsylvania,0.49,0.495,-0.005,42.753,40.87585,1.8771500000000003,0.995,0.0,-0.1088000000000022,1.594325763983206,0.4664509283603267
2024-06-02,PA,Pennsylvania,0.49,0.495,-0.005,42.688950000000006,40.92435,1.7646000000000086,0.995,0.0,-0.1125499999999917,1.773123993791275,0.5727429591032147
2024-06-03,PA,Pennsylvania,0.49,0.495,-0.005,42.80305,40.7458,2.057249999999996,0.995,0.0,0.2926499999999876,1.6063064287752737,0.4739373997993566
2024-06-04,PA,Pennsylvania,0.49,0.515,-0.025,42.6588,40.84365,1.8151500000000027,0.975,-0.02,-0.2420999999999935,1.5483891906966685,0.43721515874676203
2024-06-05,PA,Pennsylvania,0.485,0.52,-0.035,42.6245,40.94255,1.6819500000000005,0.965,-0.01,-0.1332000000000022,1.4785966255377037,0.39109341193732755
2024-06-06,PA,Pennsylvania,0.485,0.52,-0.035,42.68925,41.04045,1.6488000000000014,0.965,0.0,-0.0331499999999991,1.748743066516243,0.5588972821669593
2024-06-07,PA,Pennsylvania,0.485,0.515,-0.03,42.58525,41.05225,1.5330000000000013,0.97,0.005,-0.1158000000000001,1.6535186684499241,0.5029055436390083
2024-06-08,PA,Pennsylvania,0.485,0.515,-0.03,42.61215,41.0619,1.5502499999999984,0.97,0.0,0.0172499999999971,1.8532879108814164,0.6169613107768214
2024-06-09,PA,Pennsylvania,0.485,0.515,-0.03,42.672799999999995,41.284949999999995,1.3878500000000005,0.97,0.0,-0.1623999999999981,1.4977614049680916,0.4039715966870676
2024-06-10,PA,Pennsylvania,0.485,0.515,-0.03,42.7101,41.3633,1.346799999999995,0.97,0.0,-0.0410500000000055,1.6736396157481788,0.5150006655859538
2024-06-11,PA,Pennsylvania,0.485,0.515,-0.03,42.6218,41.3326,1.289200000000001,0.97,0.0,-0.0575999999999936,1.5067487570402602,0.4099541884530241
2024-06-12,PA,Pennsylvania,0.485,0.515,-0.03,42.74995,41.2907,1.4592499999999973,0.97,0.0,0.1700499999999962,1.6928288968037084,0.5264010329542149
2024-06-13,PA,Pennsylvania,0.485,0.515,-0.03,42.81325,41.29635,1.5168999999999997,0.97,0.0,0.0576500000000024,1.9201920373709722,0.6524252005021252
2024-06-14,PA,Pennsylvania,0.485,0.515,-0.03,42.800799999999995,41.26155,1.5392499999999956,0.97,0.0,0.0223499999999958,1.5614448125711933,0.44561155454274926
2024-06-15,PA,Pennsylvania,0.485,0.515,-0.03,42.83595,41.26735,1.5685999999999964,0.97,0.0,0.0293500000000008,1.7349204340506144,0.5509615530104293
2024-06-16,PA,Pennsylvania,0.485,0.515,-0.03,42.8784,41.2604,1.618000000000002,0.97,0.0,0.0494000000000056,1.7449616859384585,0.5567325989310846
2024-06-17,PA,Pennsylvania,0.485,0.515,-0.03,42.6529,41.3833,1.269600000000004,0.97,0.0,-0.348399999999998,2.024833389387466,0.7054874203278813
2024-06-18,PA,Pennsylvania,0.485,0.515,-0.03,42.65035,41.53865,1.111700000000006,0.97,0.0,-0.1578999999999979,2.1871593994238494,0.7826036240061172
2024-06-19,PA,Pennsylvania,0.485,0.515,-0.03,42.61965,41.572,1.0476499999999973,0.97,0.0,-0.0640500000000088,1.738842963095808,0.5532199283019504
2024-06-20,PA,Pennsylvania,0.485,0.505,-0.02,42.308400000000006,41.9926,0.3158000000000029,0.98,0.01,-0.7318499999999943,1.7924780349721827,0.5835990395656152
2024-06-21,PA,Pennsylvania,0.485,0.505,-0.02,42.386399999999995,42.08735,0.299049999999994,0.98,0.0,-0.0167500000000089,1.5924641619687836,0.4652826039527361
2024-06-22,PA,Pennsylvania,0.485,0.51,-0.025,42.373999999999995,42.0835,0.2904999999999944,0.975,-0.005,-0.0085499999999996,1.7020813999350541,0.5318518550563514
2024-06-23,PA,Pennsylvania,0.485,0.51,-0.025,42.51245,42.12475,0.3877000000000024,0.975,0.0,0.0972000000000079,1.98332367363684,0.6847740604423613
2024-06-24,PA,Pennsylvania,0.485,0.51,-0.025,42.64995,41.9863,0.663649999999997,0.975,0.0,0.2759499999999946,1.8066175037864192,0.5914563144868578
2024-06-25,PA,Pennsylvania,0.485,0.51,-0.025,42.59695,42.06025,0.5366999999999962,0.975,0.0,-0.1269500000000007,2.030030692934511,0.7080509126115678
2024-06-26,PA,Pennsylvania,0.485,0.51,-0.025,42.90605,42.12115,0.7849000000000004,0.975,0.0,0.2482000000000042,1.9419337701709105,0.6636842653591106
2024-06-27,PA,Pennsylvania,0.495,0.505,-0.01,42.89075,42.0951,0.7956499999999949,0.99,0.015,0.0107499999999944,4.433743356086921,1.4892442286183967
2024-06-28,PA,Pennsylvania,0.525,0.475,0.05,43.185,41.82485,1.3601500000000044,0.95,0.06,0.5645000000000095,2.11701992362551,0.7500094033628165
2024-06-29,PA,Pennsylvania,0.535,0.455,0.08,43.361050000000006,41.55605,1.8050000000000068,0.92,0.0299999999999999,0.4448500000000024,1.64487984569855,0.49766733942108804
2024-06-30,PA,Pennsylvania,0.535,0.45,0.085,43.46975,41.5884,1.8813499999999976,0.915,0.005,0.0763499999999908,1.7482245330764745,0.5586007204009144
2024-07-01,PA,Pennsylvania,0.535,0.455,0.08,43.5794,41.6085,1.9709000000000003,0.92,-0.005,0.0895500000000026,1.9518267358695522,0.6687657216893794
2024-07-02,PA,Pennsylvania,0.575,0.405,0.1699999999999999,43.20485,41.295,1.9098499999999987,0.8300000000000001,0.0899999999999999,-0.0610500000000016,1.979303714227434,0.6827451233786548
2024-07-03,PA,Pennsylvania,0.585,0.41,0.175,43.39325,41.005849999999995,2.387400000000006,0.825,0.005,0.4775500000000079,1.9042224666594523,0.6440737712766156
2024-07-04,PA,Pennsylvania,0.56,0.44,0.12,43.4031,40.9172,2.485900000000001,0.8799999999999999,-0.0549999999999999,0.0984999999999942,1.7924928367173467,0.5836072972311271
2024-07-05,PA,Pennsylvania,0.555,0.435,0.12,43.4318,40.98785,2.443950000000001,0.8799999999999999,0.0,-0.0419499999999999,1.993402275201754,0.6898428649179568
2024-07-06,PA,Pennsylvania,0.56,0.435,0.125,44.06385,40.856300000000005,3.2075499999999977,0.875,0.005,0.7635999999999967,1.9221091049973102,0.6534230753247288
2024-07-07,PA,Pennsylvania,0.57,0.415,0.1549999999999999,44.1049,40.88105,3.2238499999999988,0.845,0.0299999999999999,0.016300000000001,2.0910393050769653,0.7376612175328456
2024-07-08,PA,Pennsylvania,0.58,0.425,0.1549999999999999,43.9779,40.5464,3.4315,0.845,0.0,0.207650000000001,1.9383628947354485,0.6618437481245463
2024-07-09,PA,Pennsylvania,0.575,0.435,0.1399999999999999,44.0406,40.72765,3.3129500000000007,0.8600000000000001,-0.015,-0.118549999999999,1.7102156615126851,0.5366194804060573
2024-07-10,PA,Pennsylvania,0.575,0.435,0.1399999999999999,44.1148,40.9041,3.2107000000000028,0.8600000000000001,0.0,-0.1022499999999979,1.837988480725619,0.6086717566263797
2024-07-11,PA,Pennsylvania,0.57,0.435,0.1349999999999999,44.2519,40.96775,3.284149999999997,0.865,-0.005,0.073449999999994,1.812287033812742,0.5945896022571198
2024-07-12,PA,Pennsylvania,0.575,0.425,0.1499999999999999,44.16655,41.26205,2.9044999999999987,0.8500000000000001,0.015,-0.379649999999998,1.9680357937923232,0.677035986367267
2024-07-13,PA,Pennsylvania,0.58,0.415,0.1649999999999999,44.1207,41.0897,3.030999999999999,0.835,0.015,0.1265,4.957842555440893,1.600970677449417
2024-07-14,PA,Pennsylvania,0.65,0.275,0.375,44.1816,41.1413,3.040300000000002,0.625,0.21,0.0093000000000031,2.0380395574536454,0.7119883445501634
2024-07-15,PA,Pennsylvania,0.67,0.335,0.335,44.176100000000005,41.342,2.8341000000000065,0.665,-0.0399999999999999,-0.2061999999999955,2.256042407568384,0.8136121311401595
2024-07-16,PA,Pennsylvania,0.61,0.335,0.2749999999999999,44.0516,41.4722,2.5793999999999997,0.7250000000000001,-0.06,-0.2547000000000068,1.9910508181320263,0.6886625486799991
2024-07-17,PA,Pennsylvania,0.64,0.34,0.3,44.09455,41.44315,2.6513999999999953,0.7,0.025,0.0719999999999956,1.9463433476151983,0.6659524058239583
2024-07-18,PA,Pennsylvania,0.655,0.345,0.31,45.287949999999995,40.893150000000006,4.394799999999989,0.69,0.01,1.743399999999994,2.081059625135974,0.732877199156714
2024-07-19,PA,Pennsylvania,0.575,0.425,0.1499999999999999,45.34555,41.0443,4.301250000000003,0.8500000000000001,-0.1600000000000001,-0.0935499999999862,2.336815701124185,0.8487891911394243
2024-07-20,PA,Pennsylvania,0.59,0.43,0.1599999999999999,45.5111,41.116,4.395099999999999,0.8400000000000001,0.01,0.0938499999999962,2.0769390806490478,0.7308952140107948
2024-07-21,PA,Pennsylvania,0.56,0.415,0.145,45.4678,41.07795,4.389849999999996,0.855,-0.0149999999999999,-0.0052500000000037,5.173273343583907,1.6435056300630104
2024-07-22,PA,Pennsylvania,0.54,0.48,0.06,45.4678,41.07795,4.389849999999996,0.94,-0.085,0.0,2.3280536836725623,0.8450325896001188
2024-07-23,PA,Pennsylvania,0.565,0.42,0.1449999999999999,45.4678,41.07795,4.389849999999996,0.855,0.0849999999999999,0.0,2.375495801467196,0.865206174212082
2024-07-24,PA,Pennsylvania,0.52,0.465,0.0549999999999999,45.4678,41.07795,4.389849999999996,0.945,-0.0899999999999999,0.0,2.4325168920182025,0.8889264793573863
2024-07-25,PA,Pennsylvania,0.535,0.465,0.07,45.4678,41.07795,4.389849999999996,0.93,0.015,0.0,1.97999842069454,0.6830960470771056
2024-07-26,PA,Pennsylvania,0.535,0.465,0.07,45.4678,41.07795,4.389849999999996,0.93,0.0,0.0,2.240903467819535,0.8068791183977233
2024-07-27,PA,Pennsylvania,0.535,0.465,0.07,45.4678,41.07795,4.389849999999996,0.93,0.0,0.0,2.0085437787116938,0.6974099712994426
2024-07-28,PA,Pennsylvania,0.525,0.475,0.05,45.4678,41.07795,4.389849999999996,0.95,-0.0199999999999999,0.0,2.347698114646411,0.8534353224249024
2024-07-29,PA,Pennsylvania,0.485,0.53,-0.045,45.4678,41.07795,4.389849999999996,0.955,-0.095,0.0,2.201230869958579,0.7890166902549471
2024-07-30,PA,Pennsylvania,0.495,0.51,-0.015,44.2091,44.67825,-0.469149999999999,0.985,0.03,-4.858999999999995,2.004223456924245,0.6952566824575678
2024-07-31,PA,Pennsylvania,0.485,0.515,-0.03,44.6179,44.6765,-0.0585999999999984,0.97,-0.015,0.4105500000000006,2.1153592742626532,0.7492246676997618
2024-08-01,PA,Pennsylvania,0.455,0.55,-0.095,44.59395,44.93745,-0.3434999999999988,0.905,-0.065,-0.2849000000000004,2.278791364037961,0.8236451989196965
2024-08-02,PA,Pennsylvania,0.425,0.575,-0.1499999999999999,44.56125,45.0357,-0.4744499999999974,0.8500000000000001,-0.0549999999999999,-0.1309499999999985,2.2002985840689635,0.788593071186487
2024-08-03,PA,Pennsylvania,0.42,0.575,-0.1549999999999999,44.57,45.0984,-0.5283999999999978,0.845,-0.005,-0.0539500000000003,2.095674901349072,0.7398756501106862
2024-08-04,PA,Pennsylvania,0.425,0.56,-0.135,44.6766,45.31685,-0.6402500000000018,0.865,0.0199999999999999,-0.111850000000004,2.1768326388039236,0.7778709023123469
2024-08-05,PA,Pennsylvania,0.415,0.57,-0.1549999999999999,44.3845,45.5968,-1.212299999999999,0.845,-0.0199999999999999,-0.5720499999999973,1.8457126752095974,0.6128654767343021
2024-08-06,PA,Pennsylvania,0.42,0.565,-0.1449999999999999,44.538,45.26895,-0.73095,0.855,0.01,0.481349999999999,2.5109352390456743,0.9206552889410944
2024-08-07,PA,Pennsylvania,0.48,0.505,-0.025,44.5711,45.4205,-0.8493999999999957,0.975,0.1199999999999999,-0.1184499999999957,2.151511698190886,0.7661707105073392
2024-08-08,PA,Pennsylvania,0.495,0.5,-0.005,44.41225,45.497699999999995,-1.0854499999999945,0.995,0.02,-0.2360499999999987,2.377111991791625,0.8658863020311803
2024-08-09,PA,Pennsylvania,0.485,0.515,-0.03,44.5637,45.4991,-0.9354000000000012,0.97,-0.025,0.1500499999999931,2.6019793054203175,0.9562724267229121
2024-08-10,PA,Pennsylvania,0.475,0.525,-0.05,44.39775,45.5591,-1.1613499999999988,0.95,-0.02,-0.2259499999999974,2.6119236351494197,0.9600869748265469
2024-08-11,PA,Pennsylvania,0.435,0.565,-0.1299999999999999,44.41265,45.529799999999994,-1.1171499999999952,0.8700000000000001,-0.0799999999999999,0.0442000000000035,2.183426322636069,0.7808953505924373
2024-08-12,PA,Pennsylvania,0.44,0.56,-0.12,44.17755,45.75935,-1.5818000000000012,0.8799999999999999,0.0099999999999998,-0.464650000000006,2.5254461709122586,0.9264177484688677
2024-08-13,PA,Pennsylvania,0.445,0.555,-0.11,44.20495,45.76075,-1.555800000000005,0.8899999999999999,0.01,0.0259999999999962,2.565065015263388,0.9419838253827439
2024-08-14,PA,Pennsylvania,0.445,0.555,-0.11,44.1988,46.320049999999995,-2.1212499999999963,0.8899999999999999,0.0,-0.5654499999999913,2.2903563909804574,0.828707434706281
2024-08-15,PA,Pennsylvania,0.425,0.575,-0.1499999999999999,44.1116,46.4554,-2.3437999999999946,0.8500000000000001,-0.0399999999999999,-0.2225499999999982,2.2746142469541484,0.8218104762472939
2024-08-16,PA,Pennsylvania,0.415,0.575,-0.1599999999999999,44.729200000000006,46.04705,-1.3178499999999929,0.8400000000000001,-0.01,1.0259500000000017,2.2811185277194155,0.8246659050032554
2024-08-17,PA,Pennsylvania,0.445,0.555,-0.11,44.6596,46.042950000000005,-1.3833500000000072,0.8899999999999999,0.0499999999999999,-0.0655000000000143,2.3842707169235244,0.8688932985126484
2024-08-18,PA,Pennsylvania,0.455,0.545,-0.09,44.7633,46.2059,-1.4425999999999988,0.91,0.02,-0.0592499999999915,2.1245887069941025,0.7535782339933953
2024-08-19,PA,Pennsylvania,0.455,0.545,-0.09,44.8763,46.18745,-1.3111499999999978,0.91,0.0,0.1314500000000009,2.151890986445633,0.7663469841603177
2024-08-20,PA,Pennsylvania,0.45,0.55,-0.1,44.8981,46.2219,-1.3237999999999983,0.8999999999999999,-0.01,-0.0126500000000007,1.974354523972742,0.6802415216297689
2024-08-21,PA,Pennsylvania,0.495,0.505,-0.01,44.8282,46.39275,-1.564549999999997,0.99,0.09,-0.2407499999999984,2.2630504560005273,0.8167136624702472
2024-08-22,PA,Pennsylvania,0.515,0.485,0.03,44.79925,46.60695,-1.807699999999997,0.97,0.04,-0.2431499999999999,2.4270938664193,0.8866946019006912
2024-08-23,PA,Pennsylvania,0.515,0.485,0.03,44.87505,46.6934,-1.8183499999999952,0.97,0.0,-0.0106499999999982,2.228161972234125,0.8011770179119145
2024-08-24,PA,Pennsylvania,0.515,0.485,0.03,44.871750000000006,46.65365,-1.7818999999999932,0.97,0.0,0.036450000000002,2.171330672734509,0.7753401928556646
2024-08-25,PA,Pennsylvania,0.515,0.485,0.03,44.880399999999995,46.64425,-1.763850000000005,0.97,0.0,0.0180499999999881,2.333028130033368,0.8471670504176818
2024-08-26,PA,Pennsylvania,0.495,0.495,0.0,44.9533,46.4539,-1.5005999999999986,1.0,-0.03,0.2632500000000064,2.210070308759455,0.7930243289419149
2024-08-27,PA,Pennsylvania,0.505,0.495,0.01,44.887699999999995,46.4555,-1.5678000000000054,0.99,0.01,-0.0672000000000068,2.781589093969887,1.0230223809279753
2024-08-28,PA,Pennsylvania,0.505,0.495,0.01,44.81025,46.5047,-1.6944499999999962,0.99,0.0,-0.1266499999999908,2.2235562099565893,0.7991078105935788
2024-08-29,PA,Pennsylvania,0.505,0.495,0.01,44.85715,46.7007,-1.8435500000000005,0.99,0.0,-0.1491000000000042,2.39336370360436,0.8726997838397959
2024-08-30,PA,Pennsylvania,0.505,0.495,0.01,44.98845,46.4344,-1.4459499999999963,0.99,0.0,0.3976000000000042,2.5073361566995347,0.9192208974228209
2024-08-31,PA,Pennsylvania,0.505,0.495,0.01,45.010099999999994,46.2268,-1.216700000000003,0.99,0.0,0.2292499999999933,2.370654979850503,0.8631662797719933
2024-09-01,PA,Pennsylvania,0.505,0.495,0.01,45.01695,46.1926,-1.1756499999999974,0.99,0.0,0.0410500000000055,2.119741569106006,0.7512941798882544
2024-09-02,PA,Pennsylvania,0.505,0.485,0.02,45.08265,46.2384,-1.1557499999999976,0.98,0.01,0.0198999999999998,2.380901877623212,0.8674793560815073
2024-09-03,PA,Pennsylvania,0.515,0.485,0.03,45.1247,46.2474,-1.1227000000000018,0.97,0.01,0.0330499999999958,2.887887573567818,1.0605252914528258
2024-09-04,PA,Pennsylvania,0.515,0.475,0.04,45.1804,46.1187,-0.938299999999998,0.96,0.01,0.1844000000000036,2.167868959479944,0.773744638706339
2024-09-05,PA,Pennsylvania,0.525,0.47,0.055,45.45125,46.14075,-0.6894999999999953,0.945,0.015,0.2488000000000028,2.749285284890266,1.0113409814960173
2024-09-06,PA,Pennsylvania,0.545,0.455,0.09,45.48295,46.28375,-0.8007999999999953,0.91,0.0349999999999999,-0.1112999999999999,2.6491497375183073,0.9742387347468716
2024-09-07,PA,Pennsylvania,0.545,0.455,0.09,45.5092,46.22715,-0.7179500000000019,0.91,0.0,0.0828499999999934,2.8975970011753107,1.0638817732125
2024-09-08,PA,Pennsylvania,0.535,0.465,0.07,45.78545,46.39375,-0.6082999999999998,0.93,-0.02,0.109650000000002,2.6184533841509126,0.9625838320778553
2024-09-09,PA,Pennsylvania,0.55,0.45,0.1,45.7064,46.66575,-0.9593500000000006,0.8999999999999999,0.03,-0.3510500000000007,2.644462554042376,0.972467851485046
2024-09-10,PA,Pennsylvania,0.55,0.45,0.1,45.64655,46.335800000000006,-0.6892500000000084,0.8999999999999999,0.0,0.2700999999999922,6.231670905297112,1.8296444999367905
2024-09-11,PA,Pennsylvania,0.555,0.445,0.11,45.65945,46.3196,-0.6601500000000016,0.8899999999999999,0.01,0.0291000000000067,2.789318745949339,1.0257973889381076
2024-09-12,PA,Pennsylvania,0.515,0.485,0.03,45.544700000000006,46.40285,-0.8581499999999949,0.97,-0.08,-0.1979999999999933,2.69231978598888,0.9904031959565152
2024-09-13,PA,Pennsylvania,0.51,0.49,0.02,45.544700000000006,46.40285,-0.8581499999999949,0.98,-0.01,0.0,2.41050474734019,0.8798361643037039
2024-09-14,PA,Pennsylvania,0.505,0.495,0.01,45.544700000000006,46.40285,-0.8581499999999949,0.99,-0.01,0.0,2.57794936831026,0.9469942644134474
2024-09-15,PA,Pennsylvania,0.505,0.485,0.02,45.544700000000006,46.40285,-0.8581499999999949,0.98,0.01,0.0,2.981305727691959,1.09236136820667
2024-09-16,PA,Pennsylvania,0.51,0.485,0.025,45.544700000000006,46.40285,-0.8581499999999949,0.975,0.005,0.0,2.988408524227527,1.094740979554046
2024-09-17,PA,Pennsylvania,0.505,0.495,0.01,45.544700000000006,46.40285,-0.8581499999999949,0.99,-0.015,0.0,3.000136310202044,1.0986577243699072
2024-09-18,PA,Pennsylvania,0.505,0.495,0.01,45.544700000000006,46.40285,-0.8581499999999949,0.99,0.0,0.0,2.729688131892733,1.00418736526935
2024-09-19,PA,Pennsylvania,0.475,0.515,-0.04,45.544700000000006,46.40285,-0.8581499999999949,0.96,-0.05,0.0,2.55328466066353,0.9373806324993832
2024-09-20,PA,Pennsylvania,0.485,0.515,-0.03,45.544700000000006,46.40285,-0.8581499999999949,0.97,0.01,0.0,2.801638758369818,1.0302045168233374
2024-09-21,PA,Pennsylvania,0.505,0.495,0.01,45.544700000000006,46.40285,-0.8581499999999949,0.99,0.04,0.0,2.634390786456366,0.9686519546765306
2024-09-22,PA,Pennsylvania,0.485,0.515,-0.03,45.544700000000006,46.40285,-0.8581499999999949,0.97,-0.04,0.0,2.29680873490216,0.8315206528922677
2024-09-23,PA,Pennsylvania,0.485,0.515,-0.03,45.544700000000006,46.40285,-0.8581499999999949,0.97,0.0,0.0,2.6441268433470166,0.9723408948731465
2024-09-24,PA,Pennsylvania,0.485,0.515,-0.03,45.544700000000006,46.40285,-0.8581499999999949,0.97,0.0,0.0,2.7114550814994884,0.9974854212386524
2024-09-25,PA,Pennsylvania,0.485,0.515,-0.03,45.544700000000006,46.40285,-0.8581499999999949,0.97,0.0,0.0,2.4422527095404587,0.8929208549946474
2024-09-26,PA,Pennsylvania,0.495,0.505,-0.01,45.544700000000006,46.40285,-0.8581499999999949,0.99,0.02,0.0,2.745967257159772,1.01013338344358
2024-09-27,PA,Pennsylvania,0.495,0.495,0.0,45.544700000000006,46.40285,-0.8581499999999949,1.0,0.01,0.0,2.5720411034640054,0.9446997873767606
2024-09-28,PA,Pennsylvania,0.495,0.505,-0.01,45.544700000000006,46.40285,-0.8581499999999949,0.99,-0.01,0.0,2.7583461575011365,1.0146312818293342
2024-09-29,PA,Pennsylvania,0.495,0.505,-0.01,45.544700000000006,46.40285,-0.8581499999999949,0.99,0.0,0.0,2.6772968051273853,0.9848076306849726
2024-09-30,PA,Pennsylvania,0.495,0.505,-0.01,45.544700000000006,46.40285,-0.8581499999999949,0.99,0.0,0.0,2.5941737505908984,0.9532680653746304
2024-10-01,PA,Pennsylvania,0.495,0.505,-0.01,45.544700000000006,46.40285,-0.8581499999999949,0.99,0.0,0.0,2.7689304257848786,1.0184611177571885
2024-10-02,PA,Pennsylvania,0.495,0.505,-0.01,45.544700000000006,46.40285,-0.8581499999999949,0.99,0.0,0.0,2.732116283323318,1.0050765042446634
2024-10-03,PA,Pennsylvania,0.505,0.495,0.01,45.544700000000006,46.40285,-0.8581499999999949,0.99,0.02,0.0,2.7786403552502716,1.0219617272182726
2024-10-04,PA,Pennsylvania,0.515,0.485,0.03,45.544700000000006,46.40285,-0.8581499999999949,0.97,0.02,0.0,3.1363476613932253,1.143058957757145
2024-10-05,PA,Pennsylvania,0.525,0.475,0.05,45.544700000000006,46.40285,-0.8581499999999949,0.95,0.02,0.0,8.336197757053622,2.1206072079846123
2024-10-06,PA,Pennsylvania,0.525,0.475,0.05,45.544700000000006,46.40285,-0.8581499999999949,0.95,0.0,0.0,8.823583849078362,2.1774281195832224
2024-10-07,PA,Pennsylvania,0.535,0.465,0.07,45.544700000000006,46.40285,-0.8581499999999949,0.93,0.0199999999999999,0.0,8.98883568060411,2.1959833273712386
2024-10-08,PA,Pennsylvania,0.555,0.445,0.11,45.544700000000006,46.40285,-0.8581499999999949,0.8899999999999999,0.04,0.0,8.962045775279416,2.1929985240589427
2024-10-09,PA,Pennsylvania,0.545,0.455,0.09,45.544700000000006,46.40285,-0.8581499999999949,0.91,-0.02,0.0,10.068482497918671,2.3094100000340396
2024-10-10,PA,Pennsylvania,0.55,0.445,0.105,45.544700000000006,46.40285,-0.8581499999999949,0.895,0.015,0.0,9.697906693204558,2.271910057395853
2024-10-11,PA,Pennsylvania,0.565,0.435,0.1299999999999999,45.544700000000006,46.40285,-0.8581499999999949,0.8700000000000001,0.0249999999999999,0.0,9.561990989115916,2.257795967839518
2024-10-12,PA,Pennsylvania,0.555,0.445,0.11,45.544700000000006,46.40285,-0.8581499999999949,0.8899999999999999,-0.0199999999999999,0.0,9.435685907072292,2.244498874330997
2024-10-13,PA,Pennsylvania,0.535,0.465,0.07,45.544700000000006,46.40285,-0.8581499999999949,0.93,-0.04,0.0,9.358008680081785,2.2362325200009554
2024-10-14,PA,Pennsylvania,0.535,0.465,0.07,45.544700000000006,46.40285,-0.8581499999999949,0.93,0.0,0.0,9.917729504247546,2.294324014479408
2024-10-15,PA,Pennsylvania,0.545,0.455,0.09,45.544700000000006,46.40285,-0.8581499999999949,0.91,0.02,0.0,9.851571525084406,2.2876309881517853
2024-10-16,PA,Pennsylvania,0.565,0.435,0.1299999999999999,45.544700000000006,46.40285,-0.8581499999999949,0.8700000000000001,0.0399999999999999,0.0,9.82613881738241,2.285046061204409
2024-10-17,PA,Pennsylvania,0.58,0.415,0.1649999999999999,45.544700000000006,46.40285,-0.8581499999999949,0.835,0.035,0.0,10.095769737935141,2.3121164982819473
2024-10-18,PA,Pennsylvania,0.59,0.415,0.175,45.544700000000006,46.40285,-0.8581499999999949,0.825,0.01,0.0,8.986092997760327,2.195678159777626
2024-10-19,PA,Pennsylvania,0.575,0.425,0.1499999999999999,45.544700000000006,46.40285,-0.8581499999999949,0.8500000000000001,-0.025,0.0,9.902476669005473,2.292784894440013
2024-10-20,PA,Pennsylvania,0.575,0.425,0.1499999999999999,45.544700000000006,46.40285,-0.8581499999999949,0.8500000000000001,0.0,0.0,8.773943852648976,2.171786403435762
2024-10-21,PA,Pennsylvania,0.575,0.425,0.1499999999999999,45.544700000000006,46.40285,-0.8581499999999949,0.8500000000000001,0.0,0.0,9.107925899413118,2.209145012399087
2024-10-22,PA,Pennsylvania,0.615,0.385,0.2299999999999999,45.544700000000006,46.40285,-0.8581499999999949,0.77,0.08,0.0,9.111390288599903,2.2095253108902915
2024-10-23,PA,Pennsylvania,0.615,0.385,0.2299999999999999,45.544700000000006,46.40285,-0.8581499999999949,0.77,0.0,0.0,10.63613881600598,2.364257524819294
2024-10-24,PA,Pennsylvania,0.605,0.405,0.1999999999999999,45.544700000000006,46.40285,-0.8581499999999949,0.8,-0.03,0.0,10.245627406848726,2.3268510201133346
2024-10-25,PA,Pennsylvania,0.59,0.41,0.18,45.544700000000006,46.40285,-0.8581499999999949,0.8200000000000001,-0.0199999999999999,0.0,9.859225001729854,2.288407565295146
2024-10-26,PA,Pennsylvania,0.615,0.395,0.2199999999999999,45.544700000000006,46.40285,-0.8581499999999949,0.78,0.0399999999999999,0.0,10.347133168158456,2.336709492759231
2024-10-27,PA,Pennsylvania,0.605,0.395,0.2099999999999999,45.544700000000006,46.40285,-0.8581499999999949,0.79,-0.01,0.0,10.021832486799994,2.3047659618498484
2024-10-28,PA,Pennsylvania,0.615,0.385,0.2299999999999999,45.544700000000006,46.40285,-0.8581499999999949,0.77,0.02,0.0,10.844696771607556,2.383676183685782
2024-10-29,PA,Pennsylvania,0.61,0.39,0.2199999999999999,45.544700000000006,46.40285,-0.8581499999999949,0.78,-0.01,0.0,10.01251641185444,2.3038359515296576
2024-10-30,PA,Pennsylvania,0.625,0.385,0.24,45.544700000000006,46.40285,-0.8581499999999949,0.76,0.02,0.0,9.480387864149343,2.2492252293697823
2024-10-31,PA,Pennsylvania,0.615,0.385,0.2299999999999999,45.544700000000006,46.40285,-0.8581499999999949,0.77,-0.01,0.0,9.179858578345996,2.2170117991048017
2024-11-01,PA,Pennsylvania,0.595,0.41,0.185,45.544700000000006,46.40285,-0.8581499999999949,0.815,-0.0449999999999999,0.0,10.606958727101262,2.361510269415665
2024-11-02,PA,Pennsylvania,0.555,0.445,0.11,45.544700000000006,46.40285,-0.8581499999999949,0.8899999999999999,-0.0749999999999999,0.0,10.51497515573239,2.3528004464064978
2024-11-03,PA,Pennsylvania,0.485,0.505,-0.02,45.544700000000006,46.40285,-0.8581499999999949,0.98,-0.13,0.0,9.625959580946851,2.264463571926211
2024-11-04,PA,Pennsylvania,0.555,0.455,0.1,45.544700000000006,46.40285,-0.8581499999999949,0.8999999999999999,0.12,0.0,9.203775869898463,2.219613820496618
2024-11-05,PA,Pennsylvania,0.59,0.415,0.175,45.544700000000006,46.40285,-0.8581499999999949,0.825,0.0749999999999999,0.0,10.63395833638167,2.3640524971114916
2024-11-06,PA,Pennsylvania,0.525,0.465,0.06,45.544700000000006,46.40285,-0.8581499999999949,0.94,-0.1149999999999999,0.0,9.019425611390261,2.1993806526001545
2024-11-07,PA,Pennsylvania,,0.0005,,45.544700000000006,46.40285,-0.8581499999999949,,,0.0,10.403465881128087,2.342139008430058
2024-03-09,WI,Wisconsin,0.495,0.505,-0.01,42.41975,39.34195,3.0778000000000034,0.99,,,0.5939651876687618,-0.5209345679551731
2024-03-10,WI,Wisconsin,0.505,0.495,0.01,42.3318,39.2859,3.045900000000003,0.99,0.02,-0.0319000000000002,0.5173690415051041,-0.6589988457611894
2024-03-11,WI,Wisconsin,0.505,0.495,0.01,42.2689,39.3844,2.8845000000000027,0.99,0.0,-0.1614000000000004,0.5727784298115913,-0.5572563214965917
2024-03-12,WI,Wisconsin,0.505,0.495,0.01,42.2591,39.85745,2.4016499999999965,0.99,0.0,-0.4828500000000062,0.5808680654732467,-0.5432316297188429
2024-03-13,WI,Wisconsin,0.505,0.495,0.01,42.3704,39.8506,2.5197999999999965,0.99,0.0,0.1181499999999999,0.5105414663946244,-0.6722834176543615
2024-03-14,WI,Wisconsin,0.505,0.495,0.01,42.7218,39.768,2.953800000000001,0.99,0.0,0.4340000000000046,0.5148978382693007,-0.6637867702894067
2024-03-15,WI,Wisconsin,0.505,0.495,0.01,42.576,39.5652,3.0108000000000033,0.99,0.0,0.0570000000000021,0.6892276941516493,-0.3721835920949809
2024-03-16,WI,Wisconsin,0.505,0.495,0.01,42.58645,39.53285,3.053599999999996,0.99,0.0,0.0427999999999926,0.5653285853077051,-0.5703481499639056
2024-03-17,WI,Wisconsin,0.505,0.495,0.01,42.74995,39.80305,2.9468999999999994,0.99,0.0,-0.1066999999999964,0.4914610863924811,-0.7103725156880121
2024-03-18,WI,Wisconsin,0.505,0.495,0.01,42.62725,39.77425,2.8529999999999944,0.99,0.0,-0.0939000000000049,0.5579501279516029,-0.5834856970259564
2024-03-19,WI,Wisconsin,0.505,0.495,0.01,42.346050000000005,40.052899999999994,2.2931500000000113,0.99,0.0,-0.5598499999999831,0.5783087474932787,-0.5476473877119277
2024-03-20,WI,Wisconsin,0.505,0.495,0.01,42.4593,40.184,2.2753000000000014,0.99,0.0,-0.0178500000000099,0.5937855730046705,-0.5212370129990452
2024-03-21,WI,Wisconsin,0.505,0.495,0.01,43.09675,40.3287,2.7680500000000023,0.99,0.0,0.4927500000000009,0.5302760969950421,-0.6343574703504276
2024-03-22,WI,Wisconsin,0.505,0.495,0.01,43.09605,40.09445,3.0015999999999963,0.99,0.0,0.2335499999999939,0.5262212935403175,-0.6420334445654349
2024-03-23,WI,Wisconsin,0.505,0.495,0.01,43.079049999999995,40.1384,2.940649999999998,0.99,0.0,-0.0609499999999982,0.6557630642127628,-0.42195573788269003
2024-03-24,WI,Wisconsin,0.505,0.495,0.01,43.048950000000005,40.2295,2.8194500000000033,0.99,0.0,-0.1211999999999946,0.5019956401066253,-0.6891638443746861
2024-03-25,WI,Wisconsin,0.505,0.495,0.01,43.0636,40.4584,2.6052000000000035,0.99,0.0,-0.2142499999999998,0.691364014171757,-0.36908880061923915
2024-03-26,WI,Wisconsin,0.505,0.495,0.01,42.8828,40.3418,2.541000000000004,0.99,0.0,-0.0641999999999995,0.5216611847432484,-0.6507369732106036
2024-03-27,WI,Wisconsin,0.505,0.495,0.01,43.21245,40.07715,3.1352999999999938,0.99,0.0,0.5942999999999898,0.5134416791210714,-0.6666188312904139
2024-03-28,WI,Wisconsin,0.505,0.495,0.01,43.11409999999999,40.1057,3.008399999999994,0.99,0.0,-0.1268999999999991,0.5429795010662829,-0.6106837110199459
2024-03-29,WI,Wisconsin,0.505,0.495,0.01,43.269000000000005,40.017700000000005,3.2513000000000005,0.99,0.0,0.2429000000000059,0.7200426377030358,-0.3284448496934196
2024-03-30,WI,Wisconsin,0.505,0.495,0.01,43.26745,40.093149999999994,3.1743000000000023,0.99,0.0,-0.0769999999999981,0.7253744641039368,-0.3210672552564912
2024-03-31,WI,Wisconsin,0.505,0.495,0.01,43.16930000000001,40.07575,3.0935500000000076,0.99,0.0,-0.0807499999999947,0.7401623902637771,-0.30088567055633797
2024-04-01,WI,Wisconsin,0.505,0.495,0.01,43.19475,40.1015,3.0932499999999976,0.99,0.0,-0.0003000000000099,0.5802034222672237,-0.5443765088854389
2024-04-02,WI,Wisconsin,0.505,0.495,0.01,42.3768,40.72935,1.6474500000000063,0.99,0.0,-1.445799999999991,0.6872453109743784,-0.3750639748420101
2024-04-03,WI,Wisconsin,0.505,0.495,0.01,42.4161,41.134249999999994,1.2818500000000057,0.99,0.0,-0.3656000000000006,0.5844624968644491,-0.53706266289252
2024-04-04,WI,Wisconsin,0.505,0.495,0.01,42.260000000000005,41.3036,0.956400000000002,0.99,0.0,-0.3254500000000035,0.6374554139611065,-0.4502709432799325
2024-04-05,WI,Wisconsin,0.505,0.495,0.01,42.2722,41.31385,0.9583499999999958,0.99,0.0,0.0019499999999936,0.7863889221827565,-0.2403037969946399
2024-04-06,WI,Wisconsin,0.505,0.495,0.01,42.208749999999995,41.126099999999994,1.082650000000001,0.99,0.0,0.1243000000000051,0.49165484544972077,-0.7099783423184781
2024-04-07,WI,Wisconsin,0.495,0.49,0.005,42.188199999999995,41.07785,1.1103499999999968,0.995,-0.005,0.0276999999999958,0.5826430776782491,-0.5401804967881843
2024-04-08,WI,Wisconsin,0.465,0.515,-0.0499999999999999,42.13385,40.96815,1.165700000000001,0.95,-0.0549999999999999,0.0553500000000042,0.538728653167044,-0.6185432612409847
2024-04-09,WI,Wisconsin,0.465,0.515,-0.0499999999999999,42.0641,41.068250000000006,0.9958499999999972,0.95,0.0,-0.1698500000000038,0.5621666669964143,-0.5759569125619762
2024-04-10,WI,Wisconsin,0.465,0.525,-0.06,41.9525,41.06425,0.8882499999999993,0.94,-0.01,-0.1075999999999979,0.5671541238134242,-0.5671241888875467
2024-04-11,WI,Wisconsin,0.465,0.525,-0.06,41.97945,40.661,1.3184499999999986,0.94,0.0,0.4301999999999992,0.6534521784898162,-0.4254859261167877
2024-04-12,WI,Wisconsin,0.465,0.525,-0.06,41.988,40.563199999999995,1.4248000000000047,0.94,0.0,0.1063500000000061,0.6297841446067086,-0.4623781459152076
2024-04-13,WI,Wisconsin,0.465,0.525,-0.06,42.01165,40.689049999999995,1.3226000000000084,0.94,0.0,-0.1021999999999963,0.7691457134804731,-0.26247484305646285
2024-04-14,WI,Wisconsin,0.465,0.525,-0.06,41.87745,40.82495,1.052500000000002,0.94,0.0,-0.2701000000000064,0.7137452397288163,-0.33722918741585095
2024-04-15,WI,Wisconsin,0.465,0.525,-0.06,41.742050000000006,41.10235,0.6397000000000048,0.94,0.0,-0.4127999999999971,0.6713526655580324,-0.39846069802662737
2024-04-16,WI,Wisconsin,0.465,0.525,-0.06,41.39035,40.91795,0.4724000000000004,0.94,0.0,-0.1673000000000044,0.6153622528631238,-0.48554415553940555
2024-04-17,WI,Wisconsin,0.465,0.515,-0.0499999999999999,41.7375,40.527150000000006,1.2103499999999912,0.95,0.01,0.7379499999999908,0.5991474260729683,-0.5122475908271747
2024-04-18,WI,Wisconsin,0.465,0.515,-0.0499999999999999,41.46155,41.537099999999995,-0.0755499999999926,0.95,0.0,-1.2858999999999838,0.7430669026942552,-0.29696919431506047
2024-04-19,WI,Wisconsin,0.465,0.515,-0.0499999999999999,41.41225,41.4764,-0.0641499999999979,0.95,0.0,0.0113999999999947,0.6113167177627818,-0.4921400944352894
2024-04-20,WI,Wisconsin,0.465,0.515,-0.0499999999999999,41.2837,41.2411,0.0426000000000001,0.95,0.0,0.1067499999999981,0.7070297415187435,-0.3466825467585633
2024-04-21,WI,Wisconsin,0.465,0.515,-0.0499999999999999,41.20455,41.1383,0.0662499999999965,0.95,0.0,0.0236499999999963,0.6998188106717149,-0.3569338193416283
2024-04-22,WI,Wisconsin,0.465,0.515,-0.0499999999999999,40.79485,41.4123,-0.6174500000000052,0.95,0.0,-0.6837000000000018,0.6842560424352956,-0.3794231003582194
2024-04-23,WI,Wisconsin,0.465,0.515,-0.0499999999999999,40.8297,41.4128,-0.5830999999999946,0.95,0.0,0.0343500000000105,0.6259702415420091,-0.46845244648480894
2024-04-24,WI,Wisconsin,0.465,0.515,-0.0499999999999999,41.3352,41.4167,-0.0814999999999983,0.95,0.0,0.5015999999999963,0.643747295829637,-0.440449027666005
2024-04-25,WI,Wisconsin,0.465,0.515,-0.0499999999999999,41.189350000000005,41.3251,-0.1357499999999945,0.95,0.0,-0.0542499999999961,0.8722168853694837,-0.1367171642452899
2024-04-26,WI,Wisconsin,0.465,0.515,-0.0499999999999999,41.9432,40.610699999999994,1.3325000000000031,0.95,0.0,1.4682499999999976,0.7871881388928186,-0.2392880008209998
2024-04-27,WI,Wisconsin,0.465,0.515,-0.0499999999999999,42.00035,40.75505,1.2453000000000003,0.95,0.0,-0.0872000000000028,0.6597376794707839,-0.4159129783152745
2024-04-28,WI,Wisconsin,0.465,0.515,-0.0499999999999999,42.695449999999994,39.93495,2.7604999999999933,0.95,0.0,1.515199999999993,0.815146587188634,-0.2043873203332833
2024-04-29,WI,Wisconsin,0.465,0.515,-0.0499999999999999,42.804199999999994,39.8755,2.928699999999992,0.95,0.0,0.1681999999999988,0.674261502561046,-0.3941372573213166
2024-04-30,WI,Wisconsin,0.465,0.515,-0.0499999999999999,42.7235,40.0827,2.6407999999999987,0.95,0.0,-0.2878999999999934,0.7931278159173202,-0.23177089011181892
2024-05-01,WI,Wisconsin,0.465,0.515,-0.0499999999999999,42.7236,40.08525,2.6383499999999955,0.95,0.0,-0.0024500000000031,0.8294105000559574,-0.18704007142848458
2024-05-02,WI,Wisconsin,0.465,0.515,-0.0499999999999999,42.651,40.0,2.6510000000000034,0.95,0.0,0.0126500000000078,0.657513215123862,-0.4192904160845018
2024-05-03,WI,Wisconsin,0.435,0.565,-0.1299999999999999,42.7235,39.9974,2.7261000000000024,0.8700000000000001,-0.0799999999999999,0.075099999999999,0.605152362987961,-0.5022750130080545
2024-05-04,WI,Wisconsin,0.44,0.56,-0.12,42.766549999999995,40.0145,2.752049999999997,0.8799999999999999,0.0099999999999998,0.0259499999999945,0.6576005875654236,-0.4191575417408343
2024-05-05,WI,Wisconsin,0.44,0.56,-0.12,42.806749999999994,39.968149999999994,2.8385999999999996,0.8799999999999999,0.0,0.0865500000000025,0.7389502126218155,-0.3025247315865464
2024-05-06,WI,Wisconsin,0.445,0.545,-0.1,42.5416,39.94405,2.597550000000006,0.8999999999999999,0.02,-0.2410499999999942,0.846009358235247,-0.16722485769330359
2024-05-07,WI,Wisconsin,0.445,0.535,-0.09,42.4603,39.8294,2.630899999999997,0.91,0.01,0.0333499999999915,0.636185134451029,-0.45226566609690955
2024-05-08,WI,Wisconsin,0.445,0.545,-0.1,42.23795,40.708,1.5299499999999997,0.8999999999999999,-0.01,-1.1009499999999974,0.6775173468468375,-0.38932012235408886
2024-05-09,WI,Wisconsin,0.445,0.545,-0.1,42.1802,40.63595,1.544249999999998,0.8999999999999999,0.0,0.0142999999999986,0.77166058673965,-0.25921048011604864
2024-05-10,WI,Wisconsin,0.445,0.535,-0.09,42.086,40.6182,1.4677999999999969,0.91,0.01,-0.0764500000000012,0.9403114287595198,-0.061544151397217466
2024-05-11,WI,Wisconsin,0.445,0.535,-0.09,42.120000000000005,40.76975,1.3502500000000026,0.91,0.0,-0.1175499999999942,0.7072934900975791,-0.346309578859858
2024-05-12,WI,Wisconsin,0.445,0.535,-0.09,42.14255,40.6648,1.4777500000000003,0.91,0.0,0.1274999999999977,0.6823366716594804,-0.3822320894858101
2024-05-13,WI,Wisconsin,0.445,0.535,-0.09,41.71415,40.4961,1.218049999999998,0.91,0.0,-0.2597000000000022,0.7546833145983243,-0.2814570685903793
2024-05-14,WI,Wisconsin,0.445,0.525,-0.08,41.83725,40.543099999999995,1.294150000000002,0.92,0.01,0.0761000000000038,0.6980610501340345,-0.35944871566914244
2024-05-15,WI,Wisconsin,0.445,0.525,-0.08,41.89505,40.53585,1.3591999999999942,0.92,0.0,0.0650499999999922,0.8489918477529597,-0.16370569489243902
2024-05-16,WI,Wisconsin,0.445,0.525,-0.08,41.79345,40.56585,1.2276000000000025,0.92,0.0,-0.1315999999999917,0.6771650549359579,-0.38984023233463877
2024-05-17,WI,Wisconsin,0.445,0.525,-0.08,41.8418,40.5527,1.2890999999999977,0.92,0.0,0.0614999999999952,0.7821765978380596,-0.24567473549481286
2024-05-18,WI,Wisconsin,0.445,0.525,-0.08,41.7138,40.54095,1.1728499999999968,0.92,0.0,-0.1162500000000008,0.7037822094599626,-0.35128633224880734
2024-05-19,WI,Wisconsin,0.445,0.525,-0.08,41.58735,40.3091,1.27825,0.92,0.0,0.105400000000003,0.7538264924274806,-0.2825930535988883
2024-05-20,WI,Wisconsin,0.445,0.525,-0.08,41.67305,40.1443,1.5287500000000025,0.92,0.0,0.2505000000000024,0.8222742647547492,-0.19568128415714528
2024-05-21,WI,Wisconsin,0.445,0.525,-0.08,41.657799999999995,40.2848,1.3729999999999976,0.92,0.0,-0.1557500000000047,0.8260543379569637,-0.19109472317333123
2024-05-22,WI,Wisconsin,0.445,0.525,-0.08,41.894,40.56465,1.329349999999998,0.92,0.0,-0.0436499999999995,0.7074888997245075,-0.34603333902315
2024-05-23,WI,Wisconsin,0.445,0.525,-0.08,42.0684,40.7808,1.2875999999999976,0.92,0.0,-0.0417500000000004,0.7235083065747833,-0.3236432518779802
2024-05-24,WI,Wisconsin,0.445,0.525,-0.08,42.2546,40.63475,1.619850000000007,0.92,0.0,0.332250000000009,0.8001795851510962,-0.22291909506752763
2024-05-25,WI,Wisconsin,0.445,0.525,-0.08,42.32125,40.69315,1.6280999999999963,0.92,0.0,0.0082499999999896,0.9141239984583878,-0.08978905102035135
2024-05-26,WI,Wisconsin,0.445,0.525,-0.08,42.29545,40.69275,1.6027000000000058,0.92,0.0,-0.0253999999999905,0.8181526403281963,-0.20070635791914238
2024-05-27,WI,Wisconsin,0.445,0.525,-0.08,42.30395,40.75045,1.5534999999999997,0.92,0.0,-0.0492000000000061,0.7681641416635991,-0.26375184254616124
2024-05-28,WI,Wisconsin,0.445,0.525,-0.08,42.249300000000005,40.706199999999995,1.5431000000000097,0.92,0.0,-0.0103999999999899,0.9199696936542796,-0.08341455116177098
2024-05-29,WI,Wisconsin,0.445,0.525,-0.08,41.944500000000005,40.7021,1.2424000000000035,0.92,0.0,-0.3007000000000062,0.8261610969612674,-0.19096549183679243
2024-05-30,WI,Wisconsin,0.445,0.525,-0.08,42.1903,40.399249999999995,1.7910500000000056,0.92,0.0,0.5486500000000021,0.6998182138274268,-0.356934672197444
2024-05-31,WI,Wisconsin,0.445,0.515,-0.07,41.99895,40.5686,1.4303499999999971,0.93,0.01,-0.3607000000000084,0.9391853080253156,-0.06274247310421581
2024-06-01,WI,Wisconsin,0.445,0.515,-0.07,41.9635,40.642,1.3215000000000003,0.93,0.0,-0.1088499999999967,0.8409219580864533,-0.17325641988288884
2024-06-02,WI,Wisconsin,0.445,0.515,-0.07,41.96645,40.68965,1.2768000000000015,0.93,0.0,-0.0446999999999988,0.8411915712536266,-0.1729358551115111
2024-06-03,WI,Wisconsin,0.445,0.515,-0.07,42.047,40.61145,1.4355499999999992,0.93,0.0,0.1587499999999977,0.8097305951355154,-0.2110536852369628
2024-06-04,WI,Wisconsin,0.445,0.515,-0.07,41.597449999999995,40.4721,1.1253499999999974,0.93,0.0,-0.3102000000000018,0.6808193772277443,-0.38445823969008786
2024-06-05,WI,Wisconsin,0.455,0.515,-0.06,41.476600000000005,40.5015,0.9751000000000049,0.94,0.01,-0.1502499999999926,0.8556145120345809,-0.1559353406804885
2024-06-06,WI,Wisconsin,0.455,0.515,-0.06,41.5634,40.6841,0.8793000000000006,0.94,0.0,-0.0958000000000041,0.8615366969566465,-0.14903762733790646
2024-06-07,WI,Wisconsin,0.455,0.505,-0.0499999999999999,41.44705,40.6229,0.8241499999999959,0.95,0.01,-0.0551500000000046,0.8001672343158587,-0.22293453026580784
2024-06-08,WI,Wisconsin,0.455,0.505,-0.0499999999999999,41.47195,40.58295,0.8890000000000029,0.95,0.0,0.0648500000000069,0.9227041394016471,-0.08044663822404713
2024-06-09,WI,Wisconsin,0.455,0.505,-0.0499999999999999,41.53185,40.7063,0.8255499999999998,0.95,0.0,-0.0634500000000031,0.832742861560133,-0.18303037407341916
2024-06-10,WI,Wisconsin,0.455,0.505,-0.0499999999999999,41.47125,40.814,0.6572499999999977,0.95,0.0,-0.1683000000000021,0.8171596139901303,-0.20192083724258658
2024-06-11,WI,Wisconsin,0.455,0.505,-0.0499999999999999,41.46695,40.71015,0.7567999999999984,0.95,0.0,0.0995500000000007,0.7936160185230691,-0.23115553858429755
2024-06-12,WI,Wisconsin,0.455,0.505,-0.0499999999999999,41.52005,40.7803,0.7397500000000008,0.95,0.0,-0.0170499999999975,0.866258833389873,-0.1435715312545493
2024-06-13,WI,Wisconsin,0.455,0.505,-0.0499999999999999,41.5639,41.0963,0.4675999999999973,0.95,0.0,-0.2721500000000034,0.9979724761689568,-0.00202958204000164
2024-06-14,WI,Wisconsin,0.455,0.505,-0.0499999999999999,41.6503,41.07445,0.5758500000000026,0.95,0.0,0.1082500000000052,0.9207285152366275,-0.08259005791060231
2024-06-15,WI,Wisconsin,0.455,0.505,-0.0499999999999999,41.6199,41.05685,0.563050000000004,0.95,0.0,-0.0127999999999985,0.8343153154972868,-0.18114387194032794
2024-06-16,WI,Wisconsin,0.455,0.505,-0.0499999999999999,41.63465,41.09985,0.534799999999997,0.95,0.0,-0.0282500000000069,0.8291923766199861,-0.1873030921193276
2024-06-17,WI,Wisconsin,0.455,0.505,-0.0499999999999999,41.43235,41.1804,0.2519500000000008,0.95,0.0,-0.2828499999999962,1.017125257059697,0.016980272766319467
2024-06-18,WI,Wisconsin,0.455,0.505,-0.0499999999999999,41.40735,41.22865,0.1786999999999992,0.95,0.0,-0.0732500000000015,1.0424727427463787,0.04159552830236648
2024-06-19,WI,Wisconsin,0.455,0.505,-0.0499999999999999,41.38995,41.23335,0.1565999999999974,0.95,0.0,-0.0221000000000017,1.029742971525314,0.029309228892273668
2024-06-20,WI,Wisconsin,0.465,0.505,-0.0399999999999999,41.1448,41.683,-0.5382000000000033,0.96,0.01,-0.6948000000000008,0.8011169937214754,-0.22174828300206686
2024-06-21,WI,Wisconsin,0.475,0.505,-0.03,41.1827,41.6757,-0.4930000000000021,0.97,0.0099999999999999,0.0452000000000012,0.8315124235539318,-0.18450903932555665
2024-06-22,WI,Wisconsin,0.48,0.505,-0.025,41.2727,41.53075,-0.2580499999999972,0.975,0.005,0.2349500000000048,0.9047356794015221,-0.10011244490171603
2024-06-23,WI,Wisconsin,0.475,0.505,-0.03,41.37865,41.6891,-0.310450000000003,0.97,-0.005,-0.0524000000000057,0.9776665800649567,-0.02258658725279623
2024-06-24,WI,Wisconsin,0.485,0.505,-0.02,41.48505,41.612300000000005,-0.1272500000000036,0.98,0.01,0.1831999999999993,0.81824057842267,-0.20059887996879328
2024-06-25,WI,Wisconsin,0.485,0.505,-0.02,41.47924999999999,41.6552,-0.1759500000000073,0.98,0.0,-0.0487000000000037,0.8408099704422547,-0.17338960120919228
2024-06-26,WI,Wisconsin,0.49,0.495,-0.005,41.77775,42.10775,-0.3300000000000054,0.995,0.015,-0.154049999999998,0.9720767613661241,-0.028320505040976406
2024-06-27,WI,Wisconsin,0.49,0.485,0.005,42.1062,42.34185,-0.2356499999999997,0.995,0.01,0.0943500000000057,2.169395376291074,0.7744485002909602
2024-06-28,WI,Wisconsin,0.505,0.475,0.03,42.373549999999994,42.1325,0.2410499999999942,0.97,0.025,0.4766999999999939,0.9909871942488265,-0.009053666785259514
2024-06-29,WI,Wisconsin,0.55,0.435,0.115,42.504900000000006,41.83785,0.6670500000000033,0.885,0.085,0.426000000000009,0.9447550414955107,-0.05682960043916562
2024-06-30,WI,Wisconsin,0.545,0.445,0.1,42.7177,41.85295000000001,0.8647499999999937,0.8999999999999999,-0.015,0.1976999999999904,0.8456248548052344,-0.16767945175822638
2024-07-01,WI,Wisconsin,0.545,0.435,0.11,42.78595,41.7987,0.9872500000000032,0.8899999999999999,0.01,0.1225000000000093,1.0725737602738787,0.07006114360334037
2024-07-02,WI,Wisconsin,0.555,0.435,0.12,42.80375,41.7612,1.0425499999999983,0.8799999999999999,0.01,0.0552999999999954,0.8998167313715557,-0.10556416820298076
2024-07-03,WI,Wisconsin,0.555,0.435,0.12,42.9872,41.28565,1.7015500000000046,0.8799999999999999,0.0,0.659000000000006,1.0388909951710923,0.03815379339973604
2024-07-04,WI,Wisconsin,0.555,0.435,0.12,42.9708,41.212050000000005,1.758749999999992,0.8799999999999999,0.0,0.0571999999999874,1.0462859679043641,0.04524672015595885
2024-07-05,WI,Wisconsin,0.555,0.43,0.125,43.15305,41.2398,1.913249999999998,0.875,0.005,0.1545000000000058,0.8465318741724319,-0.16660742404527218
2024-07-06,WI,Wisconsin,0.555,0.43,0.125,42.4917,42.2222,0.2695000000000007,0.875,0.0,-1.6437499999999972,0.9415311262954259,-0.060247871107006926
2024-07-07,WI,Wisconsin,0.555,0.44,0.115,42.55795,42.1922,0.3657499999999984,0.885,-0.01,0.0962499999999977,1.0304037433381104,0.029950709259363984
2024-07-08,WI,Wisconsin,0.565,0.44,0.1249999999999999,42.901250000000005,41.52265,1.3786000000000058,0.875,0.0099999999999998,1.0128500000000074,0.9428566442370451,-0.05884102886257093
2024-07-09,WI,Wisconsin,0.565,0.44,0.1249999999999999,43.0921,41.653099999999995,1.4390000000000072,0.875,0.0,0.0604000000000013,0.9887648834614043,-0.01129870720809993
2024-07-10,WI,Wisconsin,0.555,0.435,0.12,43.22275,41.7234,1.4993499999999995,0.8799999999999999,-0.0049999999999998,0.0603499999999925,1.0969837726809188,0.0925643887323792
2024-07-11,WI,Wisconsin,0.555,0.435,0.12,43.22785,41.7985,1.4293499999999997,0.8799999999999999,0.0,-0.0700000000000002,0.9563035369520659,-0.04467990905346731
2024-07-12,WI,Wisconsin,0.555,0.44,0.115,43.11275,42.1615,0.9512500000000016,0.885,-0.005,-0.4780999999999977,0.8725280033861453,-0.1363605298490934
2024-07-13,WI,Wisconsin,0.565,0.435,0.1299999999999999,43.154399999999995,42.018249999999995,1.1361500000000009,0.8700000000000001,0.0149999999999999,0.1848999999999989,2.5576689485017887,0.9390962766820272
2024-07-14,WI,Wisconsin,0.605,0.39,0.2149999999999999,43.12665,42.0997,1.0269499999999994,0.785,0.085,-0.1092000000000013,0.9765776557454319,-0.023701007254419742
2024-07-15,WI,Wisconsin,0.645,0.355,0.29,43.26275,41.94585,1.3168999999999969,0.71,0.075,0.2899499999999975,1.0009222271972638,0.0009218022070337003
2024-07-16,WI,Wisconsin,0.63,0.36,0.27,43.25305,42.081050000000005,1.171999999999997,0.73,-0.02,-0.1448999999999998,1.026347324306851,0.026006212178920202
2024-07-17,WI,Wisconsin,0.625,0.375,0.25,43.29045,41.9679,1.3225499999999997,0.75,-0.02,0.1505500000000026,0.9795322069347453,-0.020680161142963893
2024-07-18,WI,Wisconsin,0.625,0.365,0.26,44.25935,41.60845,2.6509,0.74,0.01,1.3283500000000004,1.0656247153144849,0.0635612143361463
2024-07-19,WI,Wisconsin,0.555,0.44,0.115,44.4357,42.10845,2.3272499999999994,0.885,-0.1449999999999999,-0.3236500000000006,1.0535941364361612,0.05220730616584556
2024-07-20,WI,Wisconsin,0.605,0.395,0.2099999999999999,44.5128,42.1452,2.367599999999996,0.79,0.0949999999999999,0.0403499999999965,1.1321776035319904,0.12414286105397754
2024-07-21,WI,Wisconsin,0.58,0.42,0.1599999999999999,44.50355,42.18315,2.3203999999999994,0.8400000000000001,-0.0499999999999999,-0.0471999999999965,2.4471745881012614,0.8949341297295652
2024-07-22,WI,Wisconsin,0.56,0.47,0.09,44.50355,42.18315,2.3203999999999994,0.91,-0.0699999999999999,0.0,1.014086239857437,0.013987950721585977
2024-07-23,WI,Wisconsin,0.555,0.45,0.105,44.50355,42.18315,2.3203999999999994,0.895,0.0149999999999999,0.0,1.1727035263662047,0.1593117895292262
2024-07-24,WI,Wisconsin,0.53,0.475,0.055,44.50355,42.18315,2.3203999999999994,0.945,-0.0499999999999999,0.0,1.1815618876209115,0.16683719682393194
2024-07-25,WI,Wisconsin,0.505,0.485,0.02,44.50355,42.18315,2.3203999999999994,0.98,-0.035,0.0,0.9083548682024154,-0.09612015272118425
2024-07-26,WI,Wisconsin,0.505,0.485,0.02,44.50355,42.18315,2.3203999999999994,0.98,0.0,0.0,1.0075678305143239,0.007539338144966239
2024-07-27,WI,Wisconsin,0.505,0.485,0.02,44.50355,42.18315,2.3203999999999994,0.98,0.0,0.0,0.9514120749900236,-0.04980800325240512
2024-07-28,WI,Wisconsin,0.505,0.485,0.02,44.50355,42.18315,2.3203999999999994,0.98,0.0,0.0,1.1205926668964685,0.11385771221943336
2024-07-29,WI,Wisconsin,0.52,0.485,0.035,44.50355,42.18315,2.3203999999999994,0.965,0.015,0.0,1.1106467263517728,0.10494248201053075
2024-07-30,WI,Wisconsin,0.575,0.43,0.1449999999999999,44.50355,42.18315,2.3203999999999994,0.855,0.1099999999999999,0.0,0.8980640525846278,-0.10751388517841892
2024-07-31,WI,Wisconsin,0.545,0.445,0.1,44.50355,42.18315,2.3203999999999994,0.8999999999999999,-0.0449999999999999,0.0,1.1192527320141377,0.11266125906884926
2024-08-01,WI,Wisconsin,0.545,0.455,0.09,44.4898,45.65465,-1.1648499999999942,0.91,-0.01,-3.4852499999999935,1.2340006390639076,0.2102614433630519
2024-08-02,WI,Wisconsin,0.525,0.475,0.05,44.45835,45.75725,-1.2988999999999962,0.95,-0.0399999999999999,-0.134050000000002,1.0491383017519453,0.0479691622414148
2024-08-03,WI,Wisconsin,0.525,0.475,0.05,44.463800000000006,45.79465,-1.330849999999991,0.95,0.0,-0.0319499999999948,1.1515278023106807,0.14108958441672761
2024-08-04,WI,Wisconsin,0.515,0.485,0.03,44.5709,45.9581,-1.3872,0.97,-0.02,-0.056350000000009,1.0907952025434084,0.08690697387127161
2024-08-05,WI,Wisconsin,0.515,0.48,0.035,44.49505,46.25775,-1.7627000000000024,0.965,0.005,-0.3755000000000024,1.101101858402331,0.09631136790487986
2024-08-06,WI,Wisconsin,0.51,0.475,0.035,44.3635,45.73165,-1.36815,0.965,0.0,0.3945500000000024,1.2318634581501948,0.2085280295457505
2024-08-07,WI,Wisconsin,0.495,0.51,-0.015,44.71655,46.27445,-1.5579000000000036,0.985,-0.05,-0.1897500000000036,1.1398187789907155,0.1308692839723845
2024-08-08,WI,Wisconsin,0.49,0.515,-0.025,44.35125,46.17145,-1.8202,0.975,-0.01,-0.2622999999999962,1.2886806454600872,0.253618939545037
2024-08-09,WI,Wisconsin,0.485,0.52,-0.035,44.3644,46.15695,-1.7925499999999983,0.965,-0.01,0.0276500000000012,1.330834446587762,0.2858061489478472
2024-08-10,WI,Wisconsin,0.47,0.525,-0.055,44.42685,46.73895,-2.312100000000001,0.945,-0.02,-0.5195500000000024,1.234598573284784,0.21074587536771158
2024-08-11,WI,Wisconsin,0.435,0.555,-0.12,44.4448,46.69865,-2.25385,0.8799999999999999,-0.065,0.058250000000001,1.0619116060699445,0.060070685899854655
2024-08-12,WI,Wisconsin,0.435,0.565,-0.1299999999999999,43.9439,47.300250000000005,-3.356350000000006,0.8700000000000001,-0.0099999999999998,-1.1025000000000065,1.2440423445503832,0.21836603276531238
2024-08-13,WI,Wisconsin,0.405,0.58,-0.1749999999999999,44.0583,47.3142,-3.255899999999997,0.8250000000000001,-0.0449999999999999,0.1004500000000092,1.2756610278683145,0.24346449748999843
2024-08-14,WI,Wisconsin,0.41,0.585,-0.175,43.8308,47.32495,-3.4941499999999976,0.825,-5.551115123125783e-17,-0.2382500000000007,1.163677066213591,0.15158487629276246
2024-08-15,WI,Wisconsin,0.405,0.585,-0.1799999999999999,43.99195,47.15435,-3.162399999999998,0.8200000000000001,-0.0049999999999999,0.3317499999999995,1.227735788160241,0.20517165035422835
2024-08-16,WI,Wisconsin,0.4,0.585,-0.1849999999999999,44.161100000000005,46.9878,-2.8266999999999953,0.8150000000000001,-0.005,0.3357000000000028,0.9692543221173711,-0.031228243202071553
2024-08-17,WI,Wisconsin,0.405,0.585,-0.1799999999999999,44.13445,47.0108,-2.876350000000002,0.8200000000000001,0.005,-0.0496500000000068,1.1523947225420024,0.14184214468113307
2024-08-18,WI,Wisconsin,0.415,0.585,-0.1699999999999999,44.24315,47.17345,-2.9303000000000026,0.8300000000000001,0.0099999999999999,-0.0539500000000003,1.2040738025052804,0.18571064276985905
2024-08-19,WI,Wisconsin,0.415,0.585,-0.1699999999999999,44.1267,47.6699,-3.543199999999999,0.8300000000000001,0.0,-0.6128999999999962,1.1107282107557839,0.10501584594625046
2024-08-20,WI,Wisconsin,0.415,0.585,-0.1699999999999999,44.244,47.4678,-3.223799999999997,0.8300000000000001,0.0,0.3194000000000017,1.0961209496520299,0.09177753795902621
2024-08-21,WI,Wisconsin,0.425,0.575,-0.1499999999999999,44.12995,47.8014,-3.67145,0.8500000000000001,0.02,-0.447650000000003,1.165996838702409,0.15357637669169993
2024-08-22,WI,Wisconsin,0.445,0.555,-0.11,44.11485,47.884699999999995,-3.769849999999998,0.8899999999999999,0.0399999999999999,-0.098399999999998,1.1220280696726863,0.1151378243211598
2024-08-23,WI,Wisconsin,0.445,0.555,-0.11,44.1454,47.978750000000005,-3.833350000000003,0.8899999999999999,0.0,-0.0635000000000047,1.335741544537888,0.2894866017124727
2024-08-24,WI,Wisconsin,0.445,0.555,-0.11,44.1803,47.9495,-3.769199999999998,0.8899999999999999,0.0,0.064150000000005,1.140847094902762,0.1317710521739452
2024-08-25,WI,Wisconsin,0.435,0.565,-0.1299999999999999,44.1902,47.91265,-3.722450000000002,0.8700000000000001,-0.0199999999999999,0.0467499999999958,1.2280336149682438,0.20541420310293793
2024-08-26,WI,Wisconsin,0.425,0.575,-0.1499999999999999,44.231449999999995,47.85365,-3.6222000000000065,0.8500000000000001,-0.02,0.1002499999999955,1.2020121385349065,0.18399693467675604
2024-08-27,WI,Wisconsin,0.425,0.575,-0.1499999999999999,44.17685,47.799,-3.6221499999999978,0.8500000000000001,0.0,5.0000000008765255e-05,1.3036758557143158,0.26518785569790165
2024-08-28,WI,Wisconsin,0.425,0.575,-0.1499999999999999,44.205650000000006,47.899550000000005,-3.6938999999999993,0.8500000000000001,0.0,-0.0717500000000015,1.11701416281371,0.11065919933856166
2024-08-29,WI,Wisconsin,0.435,0.565,-0.1299999999999999,44.21235,47.8213,-3.60895,0.8700000000000001,0.02,0.0849499999999991,1.29663256442876,0.2597705686899899
2024-08-30,WI,Wisconsin,0.435,0.565,-0.1299999999999999,44.0946,47.70815,-3.613550000000003,0.8700000000000001,0.0,-0.0046000000000034,1.2859388885563048,0.2514891041235409
2024-08-31,WI,Wisconsin,0.435,0.555,-0.12,44.242549999999994,47.48395,-3.241400000000006,0.8799999999999999,0.0099999999999998,0.3721499999999977,1.238481826734978,0.21388629623039626
2024-09-01,WI,Wisconsin,0.435,0.555,-0.12,44.244150000000005,47.4782,-3.2340499999999963,0.8799999999999999,0.0,0.0073500000000095,1.2124065378961009,0.19260725871097412
2024-09-02,WI,Wisconsin,0.435,0.555,-0.12,44.25235,47.484750000000005,-3.2324000000000055,0.8799999999999999,0.0,0.0016499999999908,1.2375595077967476,0.2131413014130433
2024-09-03,WI,Wisconsin,0.435,0.555,-0.12,44.3383,47.50605,-3.167750000000005,0.8799999999999999,0.0,0.0646500000000003,1.2054792123299998,0.18687717446718174
2024-09-04,WI,Wisconsin,0.435,0.555,-0.12,44.18095,47.540499999999994,-3.3595499999999916,0.8799999999999999,0.0,-0.1917999999999864,1.2217007286154713,0.20024392782245354
2024-09-05,WI,Wisconsin,0.425,0.555,-0.13,44.50455,47.50645,-3.001899999999999,0.8699999999999999,-0.01,0.3576499999999925,1.2759546712966143,0.2436946602293892
2024-09-06,WI,Wisconsin,0.435,0.555,-0.12,44.62335,47.52555,-2.902200000000001,0.8799999999999999,0.01,0.0996999999999985,1.2492790879761686,0.22256665532264686
2024-09-07,WI,Wisconsin,0.435,0.555,-0.12,44.5755,47.58615,-3.010650000000006,0.8799999999999999,0.0,-0.1084500000000048,1.2249102840863775,0.2028676038341869
2024-09-08,WI,Wisconsin,0.435,0.56,-0.125,44.9117,47.6314,-2.719699999999996,0.875,-0.005,0.2909500000000093,1.276890341201843,0.2444277011641473
2024-09-09,WI,Wisconsin,0.435,0.555,-0.12,44.83075,47.74455,-2.913799999999995,0.8799999999999999,0.005,-0.1940999999999988,1.3772081311102946,0.3200583565530212
2024-09-10,WI,Wisconsin,0.435,0.555,-0.12,44.8602,47.522099999999995,-2.6618999999999957,0.8799999999999999,0.0,0.2518999999999991,2.9420573365990967,1.0791091109761146
2024-09-11,WI,Wisconsin,0.435,0.56,-0.125,44.8103,47.51725,-2.706949999999999,0.875,-0.005,-0.0450500000000033,1.335389239996905,0.2892228148959936
2024-09-12,WI,Wisconsin,0.405,0.585,-0.1799999999999999,44.70555,47.6266,-2.921050000000001,0.8200000000000001,-0.0549999999999998,-0.2141000000000019,1.3740947333696043,0.31779513856286284
2024-09-13,WI,Wisconsin,0.4,0.595,-0.1949999999999999,44.70555,47.6266,-2.921050000000001,0.805,-0.015,0.0,1.1856298161354875,0.17027412380578633
2024-09-14,WI,Wisconsin,0.4,0.59,-0.1899999999999999,44.70555,47.6266,-2.921050000000001,0.81,0.005,0.0,1.393104702635467,0.3315348553868721
2024-09-15,WI,Wisconsin,0.405,0.59,-0.1849999999999999,44.70555,47.6266,-2.921050000000001,0.8150000000000001,0.005,0.0,1.3548123358827484,0.3036629472364927
2024-09-16,WI,Wisconsin,0.4,0.595,-0.1949999999999999,44.70555,47.6266,-2.921050000000001,0.805,-0.01,0.0,1.4515408714657043,0.3726256621747859
2024-09-17,WI,Wisconsin,0.395,0.605,-0.2099999999999999,44.70555,47.6266,-2.921050000000001,0.79,-0.015,0.0,1.3018894576727142,0.263816638240924
2024-09-18,WI,Wisconsin,0.395,0.595,-0.1999999999999999,44.70555,47.6266,-2.921050000000001,0.8,0.01,0.0,1.2103501872287579,0.19090972867024192
2024-09-19,WI,Wisconsin,0.395,0.605,-0.2099999999999999,44.70555,47.6266,-2.921050000000001,0.79,-0.01,0.0,1.2159220321023398,0.19550266315141526
2024-09-20,WI,Wisconsin,0.405,0.595,-0.1899999999999999,44.70555,47.6266,-2.921050000000001,0.81,0.02,0.0,1.257687916258904,0.22927504821604283
2024-09-21,WI,Wisconsin,0.425,0.575,-0.1499999999999999,44.70555,47.6266,-2.921050000000001,0.8500000000000001,0.0399999999999999,0.0,1.19587196429684,0.17887559653431873
2024-09-22,WI,Wisconsin,0.425,0.575,-0.1499999999999999,44.70555,47.6266,-2.921050000000001,0.8500000000000001,0.0,0.0,1.2953302017376247,0.25876564468588226
2024-09-23,WI,Wisconsin,0.415,0.585,-0.1699999999999999,44.70555,47.6266,-2.921050000000001,0.8300000000000001,-0.02,0.0,1.4104352450528514,0.3438983411914854
2024-09-24,WI,Wisconsin,0.415,0.585,-0.1699999999999999,44.70555,47.6266,-2.921050000000001,0.8300000000000001,0.0,0.0,1.3830030409307579,0.3242572514732319
2024-09-25,WI,Wisconsin,0.415,0.585,-0.1699999999999999,44.70555,47.6266,-2.921050000000001,0.8300000000000001,0.0,0.0,1.3566034447603221,0.3049841087867701
2024-09-26,WI,Wisconsin,0.435,0.565,-0.1299999999999999,44.70555,47.6266,-2.921050000000001,0.8700000000000001,0.04,0.0,1.1987292066322248,0.18126200118997027
2024-09-27,WI,Wisconsin,0.435,0.565,-0.1299999999999999,44.70555,47.6266,-2.921050000000001,0.8700000000000001,0.0,0.0,1.211500542597156,0.1918597091465312
2024-09-28,WI,Wisconsin,0.435,0.56,-0.125,44.70555,47.6266,-2.921050000000001,0.875,0.0049999999999998,0.0,1.216670270794092,0.1961178412184168
2024-09-29,WI,Wisconsin,0.435,0.565,-0.1299999999999999,44.70555,47.6266,-2.921050000000001,0.8700000000000001,-0.0049999999999998,0.0,1.3998087058201303,0.33633558858538837
2024-09-30,WI,Wisconsin,0.435,0.565,-0.1299999999999999,44.70555,47.6266,-2.921050000000001,0.8700000000000001,0.0,0.0,1.3650478126726457,0.3111894556224789
2024-10-01,WI,Wisconsin,0.435,0.565,-0.1299999999999999,44.70555,47.6266,-2.921050000000001,0.8700000000000001,0.0,0.0,1.3665540439818995,0.31229227480400945
2024-10-02,WI,Wisconsin,0.435,0.565,-0.1299999999999999,44.70555,47.6266,-2.921050000000001,0.8700000000000001,0.0,0.0,1.3832389777142369,0.32442783436689115
2024-10-03,WI,Wisconsin,0.43,0.575,-0.1449999999999999,44.70555,47.6266,-2.921050000000001,0.855,-0.015,0.0,1.293233347343496,0.25714555322356775
2024-10-04,WI,Wisconsin,0.435,0.565,-0.1299999999999999,44.70555,47.6266,-2.921050000000001,0.8700000000000001,0.015,0.0,1.5889129208178188,0.4630500848054963
2024-10-05,WI,Wisconsin,0.485,0.515,-0.03,44.70555,47.6266,-2.921050000000001,0.97,0.0999999999999999,0.0,4.790053040859534,1.5665414846098529
2024-10-06,WI,Wisconsin,0.47,0.53,-0.06,44.70555,47.6266,-2.921050000000001,0.94,-0.03,0.0,4.230476767218651,1.4423146976331824
2024-10-07,WI,Wisconsin,0.465,0.535,-0.07,44.70555,47.6266,-2.921050000000001,0.93,-0.0099999999999999,0.0,4.8577278931769134,1.5805708169027453
2024-10-08,WI,Wisconsin,0.47,0.53,-0.06,44.70555,47.6266,-2.921050000000001,0.94,0.0099999999999999,0.0,5.018028338540877,1.6130370953059001
2024-10-09,WI,Wisconsin,0.465,0.53,-0.065,44.70555,47.6266,-2.921050000000001,0.935,-0.0049999999999999,0.0,4.47254232625288,1.4979570000234539
2024-10-10,WI,Wisconsin,0.515,0.485,0.03,44.70555,47.6266,-2.921050000000001,0.97,0.095,0.0,4.418367372643461,1.4857702551496066
2024-10-11,WI,Wisconsin,0.5,0.5,0.0,44.70555,47.6266,-2.921050000000001,1.0,-0.03,0.0,4.604762397723988,1.5270910717906674
2024-10-12,WI,Wisconsin,0.495,0.505,-0.01,44.70555,47.6266,-2.921050000000001,0.99,-0.01,0.0,4.923042854436071,1.5939268056815175
2024-10-13,WI,Wisconsin,0.495,0.505,-0.01,44.70555,47.6266,-2.921050000000001,0.99,0.0,0.0,5.069984100659699,1.6233376816336182
2024-10-14,WI,Wisconsin,0.505,0.495,0.01,44.70555,47.6266,-2.921050000000001,0.99,0.02,0.0,4.210207545882758,1.437511944788612
2024-10-15,WI,Wisconsin,0.515,0.485,0.03,44.70555,47.6266,-2.921050000000001,0.97,0.02,0.0,4.639541957149562,1.534615645233846
2024-10-16,WI,Wisconsin,0.535,0.465,0.07,44.70555,47.6266,-2.921050000000001,0.93,0.0399999999999999,0.0,4.748069099959439,1.5577380301291868
2024-10-17,WI,Wisconsin,0.54,0.455,0.085,44.70555,47.6266,-2.921050000000001,0.915,0.015,0.0,4.710311944277438,1.5497541360427272
2024-10-18,WI,Wisconsin,0.555,0.445,0.11,44.70555,47.6266,-2.921050000000001,0.8899999999999999,0.025,0.0,4.417559441441612,1.4855873810219455
2024-10-19,WI,Wisconsin,0.555,0.435,0.12,44.70555,47.6266,-2.921050000000001,0.8799999999999999,0.01,0.0,4.999514705117716,1.6093408487471164
2024-10-20,WI,Wisconsin,0.555,0.445,0.11,44.70555,47.6266,-2.921050000000001,0.8899999999999999,-0.01,0.0,4.837045808675012,1.5763041642684044
2024-10-21,WI,Wisconsin,0.555,0.425,0.13,44.70555,47.6266,-2.921050000000001,0.8699999999999999,0.02,0.0,5.016908446831305,1.6128138967470704
2024-10-22,WI,Wisconsin,0.565,0.425,0.1399999999999999,44.70555,47.6266,-2.921050000000001,0.8600000000000001,0.0099999999999998,0.0,5.048565561215511,1.6191041556541406
2024-10-23,WI,Wisconsin,0.565,0.415,0.1499999999999999,44.70555,47.6266,-2.921050000000001,0.8500000000000001,0.01,0.0,5.094641043240407,1.6281892114431018
2024-10-24,WI,Wisconsin,0.58,0.425,0.1549999999999999,44.70555,47.6266,-2.921050000000001,0.845,0.005,0.0,4.723696428357287,1.5525916347032094
2024-10-25,WI,Wisconsin,0.56,0.43,0.13,44.70555,47.6266,-2.921050000000001,0.8699999999999999,-0.0249999999999999,0.0,4.843720901296607,1.5776832066272264
2024-10-26,WI,Wisconsin,0.57,0.425,0.1449999999999999,44.70555,47.6266,-2.921050000000001,0.855,0.0149999999999999,0.0,4.612674366147241,1.5288078116108832
2024-10-27,WI,Wisconsin,0.565,0.43,0.1349999999999999,44.70555,47.6266,-2.921050000000001,0.865,-0.01,0.0,5.121361330220978,1.6334202885190996
2024-10-28,WI,Wisconsin,0.58,0.425,0.1549999999999999,44.70555,47.6266,-2.921050000000001,0.845,0.02,0.0,4.657998716862459,1.5385858959924803
2024-10-29,WI,Wisconsin,0.595,0.405,0.1899999999999999,44.70555,47.6266,-2.921050000000001,0.81,0.0349999999999999,0.0,5.204344699654115,1.649493795899799
2024-10-30,WI,Wisconsin,0.595,0.415,0.18,44.70555,47.6266,-2.921050000000001,0.8200000000000001,-0.0099999999999999,0.0,4.5936135950124735,1.524666989935419
2024-10-31,WI,Wisconsin,0.545,0.455,0.09,44.70555,47.6266,-2.921050000000001,0.91,-0.0899999999999999,0.0,4.545158341168556,1.5140625655635307
2024-11-01,WI,Wisconsin,0.52,0.485,0.035,44.70555,47.6266,-2.921050000000001,0.965,-0.0549999999999999,0.0,4.680529220043313,1.5434111847421939
2024-11-02,WI,Wisconsin,0.475,0.525,-0.05,44.70555,47.6266,-2.921050000000001,0.95,-0.085,0.0,4.521811301010562,1.5089126438852634
2024-11-03,WI,Wisconsin,0.42,0.575,-0.1549999999999999,44.70555,47.6266,-2.921050000000001,0.845,-0.1049999999999999,0.0,5.142477996452455,1.6375350637711066
2024-11-04,WI,Wisconsin,0.415,0.585,-0.1699999999999999,44.70555,47.6266,-2.921050000000001,0.8300000000000001,-0.015,0.0,5.321081566193228,1.6716765846065393
2024-11-05,WI,Wisconsin,0.425,0.575,-0.1499999999999999,44.70555,47.6266,-2.921050000000001,0.8500000000000001,0.02,0.0,4.994251638397262,1.6082875787333684
2024-11-06,WI,Wisconsin,0.495,0.515,-0.02,44.70555,47.6266,-2.921050000000001,0.98,0.1299999999999999,0.0,4.659600948749994,1.5389298111553609
2024-11-07,WI,Wisconsin,0.9995,0.0005,0.999,44.70555,47.6266,-2.921050000000001,0.0009999999999998,1.019,0.0,4.581821894420314,1.522096712568772
